Product,SKU,Barcode,On hand,Reorder qty,Reorder point,Unit cost,Total cost,Retail price,Retail (Ex. Tax),Retail (Inc. Tax),Department
"1 1/2 x 6"" Sink Tailpiece",,,5,15,5,$2.73,$13.65,$4.69,$23.45,$23.45,PLU
1 Hole Strapping 14/2-12/2 10pk,,,1,20,10,$1.73,$1.73,$2.39,$2.39,$2.56,HDW
"1"" Cordless Vinyl Blinds 41x72""",,,0,5,3,$39.13,$0.00,$46.13,$0.00,$0.00,APP
"1"" Cordless Vinyl Blinds 49x72""",,,0,5,3,$49.69,$0.00,$54.69,$0.00,$0.00,APP
"1/2 - 1"" Ground Clamp DB",,,40,26,13,$3.22,$128.80,$7.99,$319.60,$342.00,ELE
"1/2"" 5H Round Box Gray",,,3,15,5,$4.00,$12.00,$7.99,$23.97,$25.65,ELE
"1/2"" Black Iron 90 Elbow",,,7,15,5,$1.53,$10.71,$2.15,$15.05,$16.10,PLU
"1/2"" Black Iron Cap",,,15,15,5,$1.00,$15.00,$1.39,$20.85,$22.35,HDW
"1/2"" Black Iron Coupling",,,10,15,5,$1.35,$13.50,$1.92,$19.20,$20.50,PLU
"1/2"" Black Iron Tee",,,15,15,5,$0.90,$13.50,$1.24,$18.60,$19.95,PLU
"1/2"" Clamp Connector",,,0,20,10,$0.26,$0.00,$0.79,$0.00,$0.00,ELE
"1/2"" Copper Crimp Ring 25pk",,,4,15,3,$4.11,$16.44,$8.99,$35.96,$38.48,PLU
"1/2"" Copper Crimp Ring 50pk",,,2,15,3,$8.37,$16.74,$22.99,$45.98,$49.20,PLU
"1/2"" Copper Crimp Rings",,,2,10,3,$19.33,$38.66,$25.95,$51.90,$55.54,PLU
"1/2"" CPVC x 1/2"" Pex Adapter",,,5,15,5,$2.53,$12.65,$6.88,$34.40,$36.80,PLU
"1/2"" EMT 1H Strap 3pk",,,26,20,10,$0.26,$6.76,$1.39,$36.14,$38.74,ELE
"1/2"" EMT 2H Strap 3pk",,,21,20,10,$0.22,$4.62,$1.39,$29.19,$31.29,ELE
"1/2"" Knockout Seal",,,10,15,5,$0.22,$2.20,$0.79,$7.90,$8.50,ELE
"1/2"" One Hole Strap Rigid 3pk",,,21,20,10,$0.45,$9.45,$1.59,$33.39,$35.70,HDW
"1/2"" Pex Couplings 100pk",,,1,10,3,$28.35,$28.35,$38.81,$38.81,$41.53,PLU
"1/2"" Pex Elbows 65pk",,,1,10,3,$23.59,$23.59,$33.91,$33.91,$36.28,PLU
"1/2"" Pex Straight Ball Valve",,,4,15,5,$8.53,$34.12,$10.53,$42.12,$45.08,PLU
"1/2"" Pex Tee's 40pk",,,2,10,3,$19.12,$38.24,$27.61,$55.22,$59.08,PLU
"1/2"" Pex Test Plugs 100pk",,,1,10,3,$26.32,$26.32,$36.32,$36.32,$38.86,PLU
"1/2"" Pex x 1/2"" FNPT Adapter",,,6,15,5,$2.31,$13.86,$3.73,$22.38,$23.94,PLU
"1/2"" Pex x 1/2"" FNPT Drop Ear Elbow",,,8,15,5,$3.16,$25.28,$7.98,$63.84,$68.32,PLU
"1/2"" Pex x 1/2"" MNPT Adapter",,,7,15,5,$2.06,$14.42,$3.27,$22.89,$24.50,PLU
"1/2"" Pex x 1/2"" Press Adapter",,,10,15,5,$6.64,$66.40,$8.69,$86.90,$93.00,PLU
"1/2"" Pex x 3/4"" FNPT Adapter",,,8,15,5,$2.98,$23.84,$3.78,$30.24,$32.32,PLU
"1/2"" Pex x 3/4"" MNPT Adapter",,,7,15,5,$3.18,$22.26,$3.78,$26.46,$28.28,PLU
"1/2"" Pinch Clamps 25pk Pex Crimp Rings",,,0,20,10,$11.56,$0.00,$12.85,$0.00,$0.00,PLU
"1/2"" Press 45 Elbow",,,10,15,5,$3.12,$31.20,$5.31,$53.10,$56.80,PLU
"1/2"" Press 90 Elbow singles",,,25,16,8,$2.98,$74.50,$4.38,$109.50,$117.25,PLU
"1/2"" Press Cap Single",,,23,15,7,$5.68,$130.64,$8.36,$192.28,$205.85,PLU
"1/2"" Press Coupling Singles",,,24,16,8,$5.15,$123.60,$7.58,$181.92,$194.64,PLU
"1/2"" Press Tee Singles",,,16,15,5,$3.77,$60.32,$5.77,$92.32,$98.72,PLU
"1/2"" Press Union",,,8,10,5,$10.58,$84.64,$13.21,$105.68,$113.04,PLU
"1/2"" Press x 1/2"" FPT Adapter",,,12,15,5,$3.36,$40.32,$4.36,$52.32,$56.04,PLU
"1/2"" Press x 1/2"" MPT Adapter",,,10,15,5,$2.32,$23.20,$4.15,$41.50,$44.40,PLU
"1/2"" Press x 3/4"" FPT",,,18,15,6,$6.81,$122.58,$13.89,$250.02,$267.48,PLU
"1/2"" PVC 90 Elbow 30pk",,,2,10,3,$10.51,$21.02,$14.51,$29.02,$31.06,PLU
"1/2"" PVC Cap",,,17,15,5,$0.60,$10.20,$0.80,$13.60,$14.62,PLU
"1/2"" PVC Coupling 35pk",,,2,10,3,$12.25,$24.50,$15.25,$30.50,$32.64,PLU
"1/2"" PVC Tee 15pk",,,2,15,3,$5.93,$11.86,$8.93,$17.86,$19.12,PLU
"1/2"" Sweat x 1/2"" MPT Adapter",,,0,15,5,$2.25,$0.00,$3.99,$0.00,$0.00,PLU
"1/2"" UF Cable Connector",,,5,20,10,$0.89,$4.45,$2.99,$14.95,$16.00,ELE
"1/4 Turn Angle Valve 1/2"" COMP x 3/4"" COMP",,,0,15,5,$4.37,$0.00,$10.47,$0.00,$0.00,PLU
"1/4 Turn Angle Valve 1/2"" Pex x 3/8"" COMP",,,4,15,5,$4.98,$19.92,$9.45,$37.80,$40.44,PLU
"1/4 Turn Straight Valve 1/2"" Pex x 3/8"" COMP",,,6,15,5,$5.04,$30.24,$9.45,$56.70,$60.66,PLU
1/4 Turn Straight Valve 3/8x3/8,,,5,15,5,$9.67,$48.35,$14.99,$74.95,$74.95,PLU
"13"" Brushed Nickel Flush Mount Light 2pk",,,7,5,3,$43.50,$304.50,$69.97,$489.79,$489.79,ELE
"14x20x1"" Furnace Filters 3pk",,,0,10,3,$13.13,$0.00,$16.99,$0.00,$0.00,APP
"1x2"" Trim Board Primed",,,11,15,5,$5.03,$55.33,$8.55,$94.05,$100.65,LUM
"1x2""x8' Furring Strip Board",,,11,15,5,$1.57,$17.27,$2.05,$22.55,$24.09,LUM
"1x4""x8' Trim Board Primed",,,26,16,8,$9.29,$241.54,$11.59,$301.34,$322.40,LUM
"1x4""x8' Unfinished Square Edge Board",,,21,15,7,$4.63,$97.23,$7.88,$165.48,$177.03,LUM
"1x4""x8' White PVC Trim Board",,,22,15,7,$1.00,$22.00,$19.98,$439.56,$470.36,PLU
"1x6""x8' Trim Board Primed",,,12,10,5,$14.37,$172.44,$18.90,$226.80,$242.64,LUM
"1x6""x8' Unfinished Square Edge Board",,,25,16,8,$9.98,$249.50,$11.09,$277.25,$296.50,LUM
24 Hour Mechanical Time Switch T101,,,1,5,2,$69.98,$69.98,$74.98,$74.98,$80.23,ELE
24 Hour Mechanical Time Switch T103,,,1,5,2,$79.98,$79.98,$84.98,$84.98,$90.93,ELE
"28x48"" Vinyl Mini Blind",,,0,5,3,$38.92,$0.00,$44.92,$0.00,$0.00,APP
28x80 Pre Hung Hollow Core Door,,,0,2,2,$136.37,$0.00,$149.99,$0.00,$0.00,APP
"2x4""x8' Pine Whitewood Stud",,,25,16,8,$3.64,$91.00,$4.19,$104.75,$112.00,LUM
"3 1/2"" Triangle Sanding Pads 120 grit 6pk",,,5,20,10,$5.03,$25.15,$6.99,$34.95,$37.40,PNT
"3 1/2"" Triangle Sanding Pads 80 grit 6pk",,,3,20,10,$5.03,$15.09,$6.99,$20.97,$22.44,PNT
"3/4"" Clamp Connector",,,22,20,10,$0.57,$12.54,$1.99,$43.78,$46.86,ELE
"3/4"" Copper Crimp Rings 100pk",,,2,10,3,$26.74,$53.48,$32.64,$65.28,$69.84,PLU
"3/4"" CPVC x 3/4"" Pex Adapter",,,5,15,5,$4.37,$21.85,$9.95,$49.75,$53.25,PLU
"3/4"" Knockout Seal",,,7,15,5,$0.24,$1.68,$0.79,$5.53,$5.95,ELE
"3/4"" Pex Couplings 50pk",,,1,10,3,$25.13,$25.13,$40.95,$40.95,$43.82,PLU
"3/4"" Pex Elbows 30pk",,,1,10,3,$21.74,$21.74,$31.74,$31.74,$33.96,PLU
"3/4"" Pex Straight Ball Valve",,,5,10,5,$11.23,$56.15,$13.23,$66.15,$70.80,PLU
"3/4"" Pex Tee's 20pk",,,1,10,3,$18.56,$18.56,$28.56,$28.56,$30.56,PLU
"3/4"" Pex x 3/4"" FPT Adapter",,,12,15,5,$2.90,$34.80,$3.81,$45.72,$48.96,PLU
"3/4"" Pex x 3/4"" MNPT Adapter",,,2,15,5,$2.88,$5.76,$3.81,$7.62,$8.16,PLU
"3/4"" Pex x 3/4"" Press Adapter",,,11,15,5,$7.09,$77.99,$8.09,$88.99,$95.26,PLU
"3/4"" Pinch Clamps 25pk Pex Crimp Rings",,,4,20,10,$15.14,$60.56,$16.45,$65.80,$70.40,PLU
"3/4"" Press 45 Elbow",,,4,15,5,$3.78,$15.12,$5.21,$20.84,$22.28,PLU
"3/4"" Press Coupling 20pk",,,1,5,3,$36.71,$36.71,$59.53,$59.53,$63.70,PLU
"3/4"" Press Tee 5pk",,,2,10,3,$28.36,$56.72,$34.16,$68.32,$73.10,PLU
"3/4"" Press Union",,,8,10,5,$14.52,$116.16,$21.08,$168.64,$180.48,PLU
"3/4"" Press x 1/2"" MPT Reducing Adapter",,,16,15,5,$6.00,$96.00,$7.92,$126.72,$135.52,PLU
"3/4"" Press x 1/2"" Press Reducing Coupling",,,6,15,5,$9.88,$59.28,$10.98,$65.88,$70.50,PLU
"3/4"" Press x 1/2"" Press Reducing Elbow",,,2,5,2,$85.87,$171.74,$95.41,$190.82,$204.18,PLU
"3/4"" Press x 3/4"" FPT Adapter",,,10,15,5,$5.82,$58.20,$6.47,$64.70,$69.20,PLU
"3/4"" Press x 3/4"" MPT Adapter",,,4,15,5,$5.36,$21.44,$6.96,$27.84,$29.80,PLU
"3/4"" ProPress 90s 15pk",,,2,5,3,$44.83,$89.66,$53.52,$107.04,$114.54,PLU
"3/4"" Test Plugs Pex 90pk",,,1,5,3,$36.92,$36.92,$46.92,$46.92,$50.20,PLU
"3/4"" UF Cable Connector",,,3,20,10,$1.87,$5.61,$4.59,$13.77,$14.73,ELE
"3/4x1/2"" Pex Reducing Coupling 5pk",,,2,15,3,$3.31,$6.62,$5.20,$10.40,$11.12,PLU
3/8 NM Cable Connector,,,14,20,10,$0.15,$2.10,$0.79,$11.06,$11.90,ELE
"3/8"" AC/MC CONN",,,8,15,5,$0.34,$2.72,$1.39,$11.12,$11.92,APP
"3/8"" Clamp Conn 10pk",,,2,20,10,$2.64,$5.28,$6.59,$13.18,$14.10,ELE
"3/8"" Snap Lock Clamp Conn 2pk",,,15,20,10,$1.24,$18.60,$1.59,$23.85,$25.50,ELE
"3/8"" Snap Lock Connector 25pk",,,1,20,10,$14.41,$14.41,$17.99,$17.99,$19.25,HDW
"3/8"" Snap Lock Dup Conn",,,5,15,5,$1.60,$8.00,$2.79,$13.95,$14.95,HDW
"30"" Range Hood White Broan",,,0,5,2,$89.30,$0.00,$114.30,$0.00,$0.00,APP
"30x80"" Int Hollow Door Slab",,,0,5,2,$94.80,$0.00,$118.99,$0.00,$0.00,APP
"32x80"" Ext Door Slab 6 Panel",,,0,2,2,$237.86,$0.00,$268.86,$0.00,$0.00,APP
"32x80"" LH Prehung Hollow Core Door",,,0,2,2,$140.09,$0.00,$159.99,$0.00,$0.00,APP
36x80 Adjustable Fit Sliding Screen Door,,,0,2,2,$184.00,$0.00,$204.00,$0.00,$0.00,APP
"36x80"" 6 Panel Primed Bifold Door",,,0,5,2,$95.04,$0.00,$108.00,$0.00,$0.00,APP
"36x80"" LH Feather River Door",,,0,2,2,$318.70,$0.00,$349.99,$0.00,$0.00,APP
"36x80"" Prehung Ext Door LH",,,0,2,2,$327.16,$0.00,$357.16,$0.00,$0.00,APP
"36x80"" RH Feather River Door",,,0,2,2,$318.70,$0.00,$349.99,$0.00,$0.00,APP
"36x80"" Steel Prehung Door RH",,,0,2,2,$480.36,$0.00,$568.36,$0.00,$0.00,APP
"36x80"" Storm Door White",,,0,2,2,$233.00,$0.00,$259.00,$0.00,$0.00,APP
"38.5x72"" Vinyl Mini Blind",,,0,5,3,$47.45,$0.00,$57.45,$0.00,$0.00,APP
"38.75x72"" Vinyl Mini Blind",,,1,5,3,$47.45,$47.45,$57.45,$57.45,$61.47,APP
3M Particulate Filters for Respirator 3 Pair,,,3,15,5,$9.89,$29.67,$14.99,$44.97,$48.12,HDW
3M Vinyl Tape Yellow,,,5,20,10,$15.72,$78.60,$19.99,$99.95,$106.95,HDW
4 SQ Exposed Work Cover,,,3,15,5,$1.35,$4.05,$3.99,$11.97,$12.81,HDW
4 Way Toggle Switch 20A White,,,3,15,5,$7.99,$23.97,$13.72,$41.16,$44.04,ELE
409 All Purpose Cleaner 1.4gal,,,1,15,5,$5.72,$5.72,$9.59,$9.59,$10.26,APP
409 Multi-Surface Spray 32oz,,,5,15,5,$4.78,$23.90,$6.99,$34.95,$37.40,HDW
"45 Elbow 1/2"" Press",,,0,15,5,$2.70,$0.00,$4.59,$0.00,$0.00,PLU
"45 Elbow 1/2"" Press 10pk",,,0,10,3,$27.12,$0.00,$30.99,$0.00,$0.00,PLU
"48"" T8 T12 LED Light Bulb",,,12,15,5,$6.50,$78.00,$9.99,$119.88,$128.28,ELE
4mil Plastic Sheeting Film Gard 3x50',,,2,15,5,$6.30,$12.60,$12.99,$25.98,$25.98,HDW
6/32 Assorted Screw Kit 120pk,,,3,20,10,$16.05,$48.15,$18.89,$56.67,$56.67,HDW
"60"" S Cleat",,,26,16,8,$7.42,$192.92,$9.39,$244.14,$261.30,HDW
"7"" Flush Mount LED Hall Light",,,0,10,3,$23.72,$0.00,$27.72,$0.00,$0.00,ELE
8/32 Assorted Screw Kit 120pk,,,3,20,10,$14.76,$44.28,$17.49,$52.47,$56.13,HDW
"9"" Roller Covers 3/8 Nap 4pk",,,0,15,3,$3.91,$0.00,$7.59,$0.00,$0.00,PNT
"90 Drop Elbow 1/2""",,,12,15,5,$3.27,$39.24,$7.99,$95.88,$102.60,PLU
"90 Drop Elbow 1/2"" Press",,,0,15,5,$8.19,$0.00,$12.99,$0.00,$0.00,PLU
"90 Elbow 1/2"" Copper Sweat 10pk",,,2,15,3,$1.92,$3.84,$6.59,$13.18,$14.10,PLU
"90 Elbow 1/2"" Press 10pk",,,0,10,3,$22.21,$0.00,$25.99,$0.00,$0.00,PLU
"90 Elbow Brass 1/2"" Pex",,,49,32,16,$1.96,$96.04,$7.59,$371.91,$397.88,PLU
"Access Panel 14x14""",,,3,10,3,$16.18,$48.54,$24.99,$74.97,$80.22,HDW
"Access Panel Click Fit 8x8""",,,4,15,5,$8.57,$34.28,$13.68,$54.72,$58.56,HDW
"Accress Panel 14x14""",,,0,10,3,$20.00,$0.00,$24.99,$0.00,$0.00,HDW
Acidic Toilet Bowl Cleaner Zep 128oz,,,3,15,5,$1.00,$3.00,$10.98,$32.94,$35.25,PLU
Acidic Toilet Bowl Cleaner Zep 32oz,,,7,15,5,$4.04,$28.28,$7.99,$55.93,$59.85,PLU
"Adapter 1.2"" Barb x Sweat",,,50,32,16,$1.18,$59.00,$2.59,$129.50,$138.50,PLU
"Adapter 1/2"" Pex x 1/2"" F Sweat 25pk",,,2,10,3,$29.83,$59.66,$41.99,$83.98,$89.86,PLU
"Adapter 1/2"" Pex x 1/2"" MNPT",,,5,15,5,$1.50,$7.50,$3.59,$17.95,$19.20,PLU
"Adapter 1/2"" Press x 1/2"" MIP",,,0,15,5,$2.64,$0.00,$3.99,$0.00,$0.00,PLU
"Adapter 1/2"" Press x 1/2"" MIP 10pk",,,0,10,3,$25.58,$0.00,$28.99,$0.00,$0.00,PLU
"Adapter 1/2"" Press x 3/4"" FPT",,,0,15,5,$5.21,$0.00,$7.21,$0.00,$0.00,PLU
"Adapter 1/2"" Press x 3/4"" MPT 10pk",,,2,5,3,$56.02,$112.04,$63.25,$126.50,$135.36,PLU
"Adapter 1/2"" SharkBite x 1/2"" MNPT",,,5,15,5,$5.48,$27.40,$9.99,$49.95,$53.45,PLU
"Adapter 1/2"" Sweat x 1/2"" F",,,24,16,8,$0.95,$22.80,$1.99,$47.76,$51.12,PLU
"Adapter 1/2"" Sweat x 3/4"" F",,,5,15,5,$2.94,$14.70,$8.59,$42.95,$45.95,PLU
"Adapter 1/2"" Sweat x 3/4"" M",,,4,15,5,$2.50,$10.00,$7.59,$30.36,$32.48,PLU
"Adapter 1/2""Pex x 1/2"" FNPT",,,0,15,5,$1.57,$0.00,$3.59,$0.00,$0.00,PLU
"Adapter Copper 1/2x1/2""",,,0,15,5,$3.49,$0.00,$5.99,$0.00,$0.00,PLU
"Adapter Coupling SharkBite 3/4""",,,2,15,5,$9.42,$18.84,$15.99,$31.98,$34.22,PLU
"Adjustable Screen 18"" H",,,0,15,5,$8.98,$0.00,$11.98,$0.00,$0.00,APP
Agrisel ImidaPro 2SC,,,1,5,3,$39.00,$39.00,$44.90,$44.90,$48.04,HDW
Alex Plus White Painters Caulk DAP,,,21,20,10,$2.06,$43.26,$3.89,$81.69,$87.36,PNT
Allway Paint and Mud Mixer,,,0,15,5,$5.39,$0.00,$8.59,$0.00,$0.00,PNT
Aloha Bathtub LH Drain 30x60,,,0,2,2,$190.10,$0.00,$228.10,$0.00,$0.00,PLU
Alpine WSG Water Soluble Granule Insecticide 1lb,,,1,2,2,$206.95,$206.95,$224.72,$224.72,$240.45,GDN
"Aluminum Hawk 13""",,,1,10,5,$13.51,$0.00,$19.99,$19.99,$21.39,APP
Amp Kitchen and Bath Caulk DAP 9oz,,,8,20,10,$7.12,$56.96,$10.89,$87.12,$93.20,ELE
Anchoring Cement Quikrete 10lb,,,9,10,5,$11.31,$101.79,$16.99,$152.91,$163.62,HDW
Anderson Sash Handle White 20pk,,,0,5,3,$54.47,$0.00,$65.98,$0.00,$0.00,HDW
Angle Valve 1/2COMx3/8OD COM,,,2,15,5,$6.19,$12.38,$9.99,$19.98,$21.38,PLU
Angle Valve 10pk 1/2Pressx3/8COMP,,,0,5,3,$68.99,$0.00,$89.99,$0.00,$0.00,PLU
Angle Valve 3/8FIPx3/8OD COM,,,8,15,5,$1.04,$8.32,$12.99,$103.92,$111.20,PLU
"Angle Valve SharkBite 1/2x3/8""OD",,,9,15,5,$6.72,$60.48,$13.99,$125.91,$134.73,PLU
"Angled Paintbrush 2"" Soft Wooster",,,0,15,5,$2.91,$0.00,$7.99,$0.00,$0.00,PNT
Ant & Roach Bait 4pk,,,9,15,3,$6.66,$59.94,$13.99,$125.91,$134.73,GDN
Ant Kill Syringe Combat Max 0.95oz,,,7,15,5,$4.82,$33.74,$6.99,$48.93,$52.36,GDN
Anti Short Bushing #0 35pk,,,8,15,3,$1.06,$8.48,$3.99,$31.92,$34.16,ELE
Anvil Eggbeater Mixer,,,1,15,5,$9.15,$9.15,$13.97,$13.97,$14.95,HDW
Anvil Swivel Pail Ladder Hook,,,9,15,5,$4.15,$37.35,$4.99,$44.91,$48.06,TOL
Appliance Cord 14/3 15',,,4,10,3,$17.99,$71.96,$21.99,$87.96,$94.12,APP
Appliance Cord 14/3 6',,,8,10,5,$14.99,$119.92,$19.65,$157.20,$168.24,APP
Asphalt Roof Cement 109 Black 1gal,,,6,10,5,$14.77,$88.62,$24.99,$149.94,$160.44,HDW
Assorted Wood Screw Kit HomePak,,,2,20,10,$2.13,$4.26,$7.99,$15.98,$17.10,HDW
Auto Blade Fuse ATC 3A 2pk,,,2,15,3,$4.60,$9.20,$8.99,$17.98,$19.24,TOL
Avery Round White Key Tag,,,2,15,5,$0.07,$0.14,$0.80,$1.60,$1.72,HDW
Bait Block Rodenticide JT Eaton 64pk,,,1,10,3,$14.47,$14.47,$27.99,$27.99,$29.95,GDN
Baking Soda Arm and Hammer 4lb,,,10,15,5,$4.04,$40.40,$6.59,$65.90,$70.50,TOL
Ball Valve 1/2 Press x 1/2 Press 10pk,,,0,5,3,$73.99,$0.00,$95.97,$0.00,$0.00,PLU
"Ball Valve 1/2""COMx1/2""COM",,,8,15,5,$7.18,$57.44,$19.99,$159.92,$171.12,PLU
"Ball Valve 1/2""Sweatx1/2""Sweat",,,7,15,5,$6.38,$44.66,$17.99,$125.93,$134.75,PLU
"Ball Valve Gas Lever 3/4x3/4"" FIP",,,5,10,5,$12.74,$63.70,$18.88,$94.40,$101.00,PLU
"Ball Valve Lever 1/2x1/2"" FIP",,,4,10,5,$14.14,$56.56,$17.89,$71.56,$76.56,PLU
"Ball Valve Lever ProPress 1/2""",,,3,10,5,$11.91,$35.73,$19.47,$58.41,$62.49,PLU
"Ball Valve Lever ProPress 3/4""",,,8,10,3,$19.51,$156.08,$24.90,$199.20,$213.12,PLU
"Ball Valve SharkBite 1/2x1/2""",,,8,10,3,$20.38,$163.04,$23.65,$189.20,$202.48,PLU
Bar & Chain Oil 1gal Mag1,,,1,10,5,$13.54,$13.54,$27.99,$27.99,$29.95,HDW
"Barb Coupling 3/4"" Brass",,,10,15,5,$1.26,$12.60,$2.79,$27.90,$29.90,PLU
"Barb Elbow 3/4"" Brass",,,10,15,5,$1.62,$16.20,$3.59,$35.90,$38.40,PLU
"Barb Tee 3/4"" Brass",,,10,15,5,$1.98,$19.80,$4.99,$49.90,$53.40,PLU
Barrette Gate Hinges 2pk Black,,,0,5,3,$73.13,$0.00,$88.98,$0.00,$0.00,HDW
"Basket Strainer 3 1/2"" 2pk",,,1,10,3,$11.28,$11.28,$19.99,$19.99,$21.39,HDW
"Basket Strainer Moen 3.5""",,,5,10,5,$10.88,$54.40,$18.99,$94.95,$101.60,HDW
Basket Strainer Power Ball Lock,,,1,10,5,$12.13,$12.13,$22.99,$22.99,$24.60,HDW
Bath Hair Catch and Stop,,,5,15,5,$9.00,$45.00,$15.99,$79.95,$85.55,HDW
Bathroom Faucet Glacier Bay Brushed,,,2,10,3,$26.98,$53.96,$36.98,$73.96,$79.14,PLU
Bathroom Faucet Moen Adler Brushed Nickel,,,4,5,2,$76.77,$307.08,$89.99,$359.96,$385.16,PLU
Bathroom Grime Fight Scrubbing Bubbles 32oz,,,6,15,5,$3.74,$22.44,$5.99,$35.94,$38.46,HDW
Bathroom Grime Fighter Scrubbing Bubbles 20oz,,,3,15,5,$4.50,$13.50,$6.59,$19.77,$21.15,HDW
Bathroom Hardware Set Brushed Adler,,,2,5,3,$44.53,$89.06,$64.99,$129.98,$139.08,PNT
Bathroom Vent Fan Motor Replacement,,,0,5,3,$34.98,$0.00,$39.99,$0.00,$0.00,APP
"Bathtub LH Ovation Curve 30x60""",,,0,2,2,$396.05,$0.00,$406.05,$0.00,$0.00,HDW
Battery AA 4pk,,,13,15,3,$2.99,$38.87,$5.59,$72.67,$77.74,ELE
Battery AAA 4pk,,,17,15,4,$4.67,$79.39,$7.98,$135.66,$145.18,ELE
Battery Alkaline 9v 1pk,,,31,15,7,$1.80,$55.80,$8.59,$266.29,$284.89,ELE
Best BE-2 Key,,,8,15,5,$0.45,$3.60,$3.98,$31.84,$34.08,HDW
Best BE-8 Key,,,10,15,5,$0.63,$6.30,$3.98,$39.80,$42.60,HDW
Bi Fold Door Hardware Repair Kit Prime Line,,,3,15,5,$8.47,$25.41,$10.95,$32.85,$35.16,APP
Bi Fold Self Close Hinges Amerock 2pk,,,0,10,3,$12.95,$0.00,$15.95,$0.00,$0.00,HDW
Bifen I/T Insect Killer 16oz,,,3,10,3,$18.09,$54.27,$27.99,$83.97,$89.85,GDN
"Bifold Door Repair Bracket Fit 1 3/8"" Thick Doors",,,6,15,5,$5.69,$34.14,$7.74,$46.44,$49.68,HDW
Bifold Door Repair Kit,,,2,15,5,$4.42,$8.84,$9.59,$19.18,$19.18,APP
"Bifold Door Surface Mounted Hinge 2 5/16"" Spacing",,,8,15,5,$2.92,$23.36,$5.99,$47.92,$51.28,HDW
Bifold Hardware Set White Everbilt,,,0,10,3,$18.53,$0.00,$21.53,$0.00,$0.00,HDW
BIN Ultimate Stain Blocker Primer 1gal Zinsser,,,0,5,3,$37.67,$0.00,$49.99,$0.00,$0.00,PNT
Black Steel Pipe Nipple Assortment 66pc,,,1,5,2,$55.19,$55.19,$74.99,$74.99,$80.24,PLU
Black Wallplate 1g White,,,27,18,9,$0.25,$6.75,$0.79,$21.33,$22.95,ELE
Blue Painter Tape,,,2,20,10,$5.49,$10.98,$8.89,$17.78,$19.02,PNT
"Blue Pex 1/2"" by the foot",,,100,100,50,$0.50,$50.00,$0.75,$75.00,$80.00,PLU
"Blue Pex 1/2""x10'",,,10,15,5,$3.78,$37.80,$5.12,$51.20,$54.80,PLU
Blue Poly Tarp 8'x10',,,11,15,5,$4.25,$46.75,$19.99,$219.89,$235.29,GDN
Bona Hard Wood Floor Cleaner 160oz,,,3,10,3,$15.09,$45.27,$27.99,$83.97,$89.85,APP
Bondo Body Filler,,,0,10,5,$12.63,$0.00,$19.99,$0.00,$0.00,PNT
Bondo Original Body Filler,,,2,10,3,$15.17,$30.34,$19.99,$39.98,$42.78,PNT
Bosch Bulldog Rotary Drill,,,0,2,2,$219.00,$0.00,$239.00,$0.00,$0.00,TOL
"Box 4x2"" 2-1/8""D 1/2""KO",,,10,15,5,$0.99,$9.90,$4.59,$45.90,$49.10,HDW
Box Ceiling Round 18 CU IN,,,5,15,5,$3.27,$16.35,$5.59,$27.95,$29.90,HDW
"Box Double Gang PVC OW 25CU""",,,4,15,5,$3.46,$13.84,$6.59,$26.36,$28.20,PLU
"Box Fan 20"" Lasko",,,2,10,3,$25.86,$51.72,$31.99,$63.98,$68.46,APP
"Box Handy 1-7/8""D 1/2""KO",,,0,15,5,$1.64,$0.00,$2.99,$0.00,$0.00,HDW
"Box Oct 3-1/2"" 1/2""KO",,,10,15,5,$2.83,$28.30,$4.99,$49.90,$53.40,HDW
"Box Octagon 4"" 2-1/8""D",,,0,15,5,$3.05,$0.00,$6.59,$0.00,$0.00,HDW
Box Old Work 20 CU IN,,,15,15,5,$0.47,$7.05,$2.49,$37.35,$39.90,HDW
"Box Single Gang PVC OW 14CU""",,,9,15,5,$1.42,$12.78,$2.79,$25.11,$26.91,PLU
"Box SQ 2-1/8""D 1/2-3/4""KO",,,0,15,5,$2.29,$0.00,$4.99,$0.00,$0.00,HDW
"Box Steel SQ 4-11/16""",,,6,15,5,$4.68,$28.08,$8.59,$51.54,$55.14,HDW
"Box Switch 2-1/8"" 2 Gang",,,5,15,5,$6.43,$32.15,$9.99,$49.95,$53.45,ELE
Box Switch PVC Old Work Single,,,9,15,5,$1.33,$11.97,$3.59,$32.31,$34.56,PLU
"Brad Nails 18G 1 1/2"" 1,000pc",,,4,20,10,$2.51,$10.04,$8.88,$35.52,$38.00,HDW
"Brad Nails 18G 2"" 1,000pc",,,3,20,10,$7.79,$23.37,$12.99,$38.97,$41.70,HDW
"Brad Nails 18G 5/8"" 1,000pc",,,4,20,10,$2.86,$11.44,$6.59,$26.36,$28.20,HDW
"Brass Sillcock Valve 1/2"" FIP x 3/4"" MHT",,,1,15,5,$9.76,$9.76,$15.99,$15.99,$17.11,PLU
"Breaker GE THQL 1P 15A 1""",,,4,15,5,$6.49,$25.96,$9.49,$37.96,$40.60,ELE
"Breaker GE THQL 1P 20A 1""",,,5,15,5,$6.29,$31.45,$12.49,$62.45,$66.80,ELE
"Breaker GE THQL 2P 30A 2""",,,1,10,5,$13.94,$13.94,$18.98,$18.98,$20.31,ELE
"Breaker GE THQP 1P 15A 1/2""",,,3,15,5,$7.10,$21.30,$10.47,$31.41,$33.60,ELE
"Breaker GE THQP 1P 20A 1/2""",,,2,15,5,$5.73,$11.46,$9.59,$19.18,$20.52,ELE
"Breaker GE THQP 2P 30A 1""",,,2,10,5,$13.34,$26.68,$17.99,$35.98,$38.50,ELE
"Breaker Siemens 1P 15A 1""",,,1,15,5,$5.13,$5.13,$7.99,$7.99,$8.55,ELE
"Breaker Siemens 1P 20A 1""",,,2,15,5,$7.17,$14.34,$10.12,$20.24,$21.66,ELE
Breaker Siemens 2P 30A,,,1,10,3,$18.32,$18.32,$27.99,$27.99,$29.95,ELE
"Breaker Siemens 2P 30A 2""",,,3,10,5,$11.60,$34.80,$16.99,$50.97,$54.54,ELE
"Breaker SQ D HOM 1P 15A 1""",,,6,15,5,$6.28,$37.68,$9.59,$57.54,$61.56,ELE
"Breaker SQ D HOM 1P 20A 1""",,,3,15,5,$6.49,$19.47,$9.59,$28.77,$30.78,ELE
"Breaker SQ D HOM 2P 30A 2""",,,3,10,3,$15.72,$47.16,$21.73,$65.19,$69.75,ELE
Breaker UBIF230N 2P 30A CB,,,0,5,2,$60.91,$0.00,$74.91,$0.00,$0.00,ELE
Brillo Steel Wool Soap Pads 10ct,,,2,15,5,$2.92,$5.84,$4.99,$9.98,$10.68,HDW
Broan Exhaust Fan 50cfm,,,0,10,3,$19.95,$0.00,$29.99,$0.00,$0.00,APP
Broom Stiff Bulldozer,,,3,15,5,$7.08,$21.24,$12.99,$38.97,$41.70,APP
Broom with Pan Libman,,,4,10,5,$11.23,$44.92,$14.99,$59.96,$64.16,APP
"Brush Angle 2"" Linzer",,,0,15,5,$1.66,$0.00,$9.99,$0.00,$0.00,PNT
"Brush Flat 2"" Basic",,,17,15,5,$0.99,$16.83,$5.99,$101.83,$108.97,PNT
"Builder Paper Ram Board 36""x50'",,,5,10,3,$22.07,$110.35,$32.99,$164.95,$176.50,LUM
"Bungee Cord 24""",,,10,15,5,$1.78,$17.80,$2.99,$29.90,$32.00,HDW
"Cabinet Screws #8x2"" 100pk",,,3,20,10,$8.65,$25.95,$18.99,$56.97,$60.96,HDW
"Cabinet Screws #8x2.5"" 100pk",,,3,20,10,$10.03,$30.09,$19.99,$59.97,$64.17,HDW
"Cable Ties 18"" White 10pk",,,2,15,3,$1.56,$3.12,$6.99,$13.98,$14.96,HDW
"Cable Zip Ties 11"" 20pk",,,20,15,5,$1.99,$39.80,$4.29,$85.80,$91.80,HDW
Candelabra White LED Bulbs B10 E12,,,6,10,5,$10.65,$63.90,$14.79,$88.74,$94.98,ELE
Carpenter Pencil Black,,,23,15,7,$0.21,$4.83,$1.39,$31.97,$34.27,HDW
Carpenter Pencil Red,,,44,28,14,$0.29,$12.76,$1.79,$78.76,$84.48,HDW
Carpet Oder Elim ES Arm and Hammer 30oz,,,7,15,5,$2.43,$17.01,$3.59,$25.13,$26.88,TOL
"Carpet Trim 1 3/8x36"" Pewter",,,10,15,5,$4.01,$40.10,$12.99,$129.90,$139.00,HDW
Caulk Gun 10oz,,,5,20,10,$5.08,$20.32,$9.99,$49.95,$53.45,PNT
"Ceiling Fan 3LT 42"" Hunter",,,0,2,2,$113.32,$0.00,$139.99,$0.00,$0.00,ELE
"Ceiling Fan 42"" Brushed Middleton",,,4,5,3,$39.58,$39.58,$64.99,$259.96,$259.96,ELE
"Ceiling Fan 52"" Brushed Glendale",,,4,5,2,$64.87,$259.48,$98.97,$395.88,$395.88,ELE
"Ceiling Fan Box 1-1/2""D",,,2,10,5,$12.72,$25.44,$23.99,$47.98,$51.34,ELE
"Ceiling Fan Box 2-1/8""D",,,3,10,3,$17.01,$51.03,$25.99,$77.97,$83.43,ELE
"Ceiling Fan Brushed Nickel 52"" Hampton Bay",,,0,2,2,$139.51,$0.00,$198.99,$0.00,$0.00,ELE
Ceiling Fan LED Brushed Nickel Hampton Bay,,,0,5,2,$90.00,$0.00,$108.99,$0.00,$0.00,ELE
"Ceiling Fan Orb 42"" LED Westinghouse",,,0,5,2,$80.79,$0.00,$109.99,$0.00,$0.00,ELE
"Ceiling Fan White 42"" Hunter",,,0,2,2,$105.22,$0.00,$129.99,$0.00,$0.00,ELE
Ceiling Paint & Primer Color Changing,,,0,10,3,$22.95,$0.00,$31.99,$0.00,$0.00,PNT
Ceiling Tile 1x1,,,13,15,5,$1.14,$14.82,$2.79,$36.27,$38.87,HDW
Ceiling Tile 2x4' Singles,,,12,15,5,$6.04,$72.48,$7.79,$93.48,$100.08,LUM
Ceiling Tile 2x4' White PVC,,,0,5,2,$96.54,$0.00,$106.54,$0.00,$0.00,PLU
Ceiling Tile Raised 2x2' 6pk,,,0,5,3,$73.50,$0.00,$83.50,$0.00,$0.00,HDW
Cement Board Screws #9 575pk,,,6,20,10,$22.07,$132.42,$37.99,$227.94,$243.90,LUM
Chain Door Guard White,,,2,15,5,$2.36,$4.72,$6.99,$13.98,$14.96,HDW
"Chainsaw Chain Milwaukee 8"" Pruning Saw",,,3,10,3,$18.45,$55.35,$24.99,$74.97,$80.22,TOL
Channel Lock Set 2pc,,,0,5,3,$31.12,$0.00,$34.99,$0.00,$0.00,HDW
"Check Valve 1/2"" SharkBite",,,0,10,5,$12.35,$0.00,$19.99,$0.00,$0.00,PLU
Chime Wireless Plugin White,,,2,10,3,$16.75,$33.50,$27.99,$55.98,$59.90,HDW
"Chip Brush 2""",,,21,15,7,$0.26,$5.46,$1.99,$41.79,$44.73,PNT
"Chip Brush 4""",,,4,15,5,$1.09,$4.36,$4.59,$18.36,$19.64,PNT
Chrome Plated Floor and Ceiling Cover,,,6,15,5,$1.99,$11.94,$4.59,$27.54,$29.46,HDW
Circuit Breaker ID Labels,,,5,15,5,$2.42,$12.10,$5.99,$29.95,$32.05,ELE
Clicker Drain with Overflow Brushed,,,5,10,5,$14.73,$73.65,$19.99,$99.95,$99.95,PLU
Clorox Bleach 121oz,,,0,15,5,$8.23,$0.00,$9.99,$0.00,$0.00,APP
Clorox Bleach Cleaner 81oz,,,3,15,5,$6.55,$19.65,$8.39,$25.17,$26.94,APP
Clorox Cleaner + Bleach 32oz,,,2,15,5,$4.90,$9.80,$6.99,$13.98,$14.96,APP
Closet Pole Sockets 2pk,,,5,15,3,$6.73,$33.65,$9.98,$49.90,$53.40,TOL
"Closet Rod 30-48"" Platinum",,,4,15,5,$4.91,$19.64,$12.99,$51.96,$55.60,HDW
"Closet Rod 30-48"" White",,,1,15,5,$8.39,$8.39,$14.59,$14.59,$15.61,HDW
"Closet Rod 48-72"" Platinum",,,2,15,5,$6.75,$13.50,$19.99,$39.98,$42.78,HDW
"Closet Rod 48-72"" White",,,1,10,5,$11.61,$11.61,$18.99,$18.99,$20.32,HDW
"Closet Rod 72-120"" Platinum",,,1,10,5,$10.64,$10.64,$25.99,$25.99,$27.81,HDW
CLR Brilliant Bath 26oz,,,2,15,5,$4.62,$9.24,$7.59,$15.18,$16.24,HDW
CO Alarm Battery Operated,,,23,10,5,$16.53,$380.19,$27.97,$643.31,$688.39,ELE
Combo Cable Lock 4 Digit 6',,,1,15,5,$9.53,$9.53,$18.99,$18.99,$20.32,HDW
Commercial Mortice Dead Lock,,,1,15,5,$0.00,$0.00,$99.99,$99.99,$106.99,HDW
Concrete Bonding Adhesive 1qt,,,5,15,5,$6.80,$34.00,$12.99,$64.95,$69.50,PNT
Concrete Patch Compound Gray 1qt,,,3,15,5,$7.31,$21.93,$12.99,$38.97,$41.70,HDW
Condensate Pump VCMA-15,,,3,5,3,$44.83,$134.49,$59.99,$179.97,$192.57,HDW
"Construction Screws #9x2.5"" 1lb",,,6,20,10,$5.09,$30.54,$10.09,$60.54,$64.80,HDW
Contactor 1Pole 25 FLA 35A RES,,,0,5,3,$32.88,$0.00,$39.99,$0.00,$0.00,HDW
Contractor Bags 55gal 15pk,,,3,10,3,$14.00,$28.00,$21.99,$65.97,$70.59,HDW
"Contractor Shims 12"" 42pk",,,8,15,3,$6.26,$50.08,$8.99,$71.92,$76.96,HDW
Cook Top Scrub Pads 3pk,,,1,15,3,$2.36,$2.36,$4.99,$4.99,$5.34,HDW
"Copper Crimp Rings 3/4"" 25pk",,,6,15,3,$5.20,$31.20,$10.99,$65.94,$70.56,PLU
"Copper Pipe Type M 1/2""x10'",,,5,10,3,$20.40,$102.00,$26.64,$133.20,$142.50,PLU
"Copper Pipe Type M 3/4""x10'",,,8,10,3,$29.12,$232.96,$37.12,$296.96,$317.76,PLU
"Copper Stub Out 90 Degree 8""x1/2"" Pex",,,15,15,5,$5.76,$86.40,$8.77,$131.55,$140.70,PLU
"Cordless Fauxwood Blind 84x60""",,,0,5,3,$32.37,$0.00,$64.37,$0.00,$0.00,APP
"Corner Brace 2.5x5/8"" 4pk",,,0,15,3,$5.43,$0.00,$12.99,$0.00,$0.00,HDW
"Corner Brace 2x1.5""",,,0,15,5,$2.73,$0.00,$8.59,$0.00,$0.00,HDW
"Corner Braces 1.5x5/8"" 4pk",,,0,15,3,$4.00,$0.00,$7.59,$0.00,$0.00,HDW
"Coupling 1/2"" Press 10pk",,,0,10,3,$19.76,$0.00,$23.99,$0.00,$0.00,PLU
"Coupling Copper 1/2"" Sweat",,,16,15,5,$0.22,$3.52,$0.99,$15.84,$16.96,PLU
"Cover Blank 4"" SQ 1/2""KO",,,1,15,5,$0.41,$0.41,$0.99,$0.99,$1.06,HDW
"Cover Box 4-11/16"" 1/2""KO",,,7,15,5,$1.64,$11.48,$2.39,$16.73,$17.92,HDW
"Cover Box Round 1/2""KO",,,0,15,5,$0.69,$0.00,$1.39,$0.00,$0.00,HDW
"Cover Box Round 3-1/2"" FLT",,,8,15,5,$0.70,$5.60,$1.39,$11.12,$11.92,HDW
Cover Box Single Blank,,,13,15,5,$0.63,$8.19,$1.59,$20.67,$22.10,HDW
Cover Box Toggle Switch,,,14,15,5,$0.61,$8.54,$1.79,$25.06,$26.88,ELE
"Cover Outlet 2 GFCIs 4""",,,9,15,5,$1.78,$16.02,$5.99,$53.91,$57.69,ELE
"Cover Outlet GFCI 4""",,,1,15,5,$2.33,$2.33,$4.89,$4.89,$5.23,ELE
Cover SQ Box 2 Toggle Switch,,,3,15,5,$1.80,$5.40,$4.59,$13.77,$14.73,ELE
Cover SQ Box 2Duplex Recept,,,2,15,5,$1.65,$3.30,$3.99,$7.98,$8.54,HDW
Cover Stain Primer 1gal Zinser,,,0,5,3,$32.35,$0.00,$39.99,$0.00,$0.00,PNT
Curcuit Breaker Tester,,,0,5,3,$42.86,$0.00,$54.99,$0.00,$0.00,ELE
"Cutt off Wheel Diamond Rim 3""",,,0,10,3,$15.97,$0.00,$18.97,$0.00,$0.00,HDW
D Batteries HDX 12pk,,,0,10,3,$14.87,$0.00,$19.99,$0.00,$0.00,HDW
DAP Plastic Wood Filler 4oz,,,2,15,5,$6.90,$13.80,$8.89,$17.78,$19.02,PNT
Dawn Powerwash Spray 16oz,,,9,15,5,$4.78,$43.02,$8.59,$77.31,$82.71,HDW
Dawn Ultra Dish Soap 18oz,,,5,15,5,$3.47,$17.35,$5.89,$29.45,$31.50,HDW
d-Con No Touch Mouse Trap 2pk,,,8,15,3,$3.85,$30.80,$7.59,$60.72,$64.96,PLU
"Deck Screws #10x4"" 1lb",,,5,20,10,$7.14,$35.70,$10.97,$54.85,$58.70,HDW
Dehumidifier 4.8 Pint with Pump,,,6,2,2,$265.72,$1594.32,$309.99,$1859.94,$1990.14,PNT
Deluxe Silver Framed Sliding Shower Door,,,0,2,2,$388.46,$0.00,$438.46,$0.00,$0.00,APP
Denatured Alcohol 1qt,,,5,15,5,$3.32,$16.60,$10.99,$54.95,$58.80,HDW
Detail Sanding Pad and Variety Set,,,1,20,10,$11.88,$11.88,$16.99,$16.99,$18.18,PNT
Detector Combo Pack Smoke/CO Battery,,,0,10,3,$29.91,$0.00,$44.99,$0.00,$0.00,ELE
"Dewalt Metal Cut-Off Wheel 4 1/2"" 5pk",,,75,36,18,$5.00,$375.00,$6.99,$524.25,$524.25,TOL
DeWalt Palm Sander Cordless,,,0,10,10,$94.00,$0.00,$104.00,$0.00,$0.00,TOL
D-Fense Dust Insecticide,,,2,10,3,$15.05,$30.10,$19.98,$39.96,$42.76,GDN
"Diablo Saw Blade General Purpose 10""",,,1,10,3,$25.99,$25.99,$38.99,$38.99,$41.72,TOL
Digital Keypad Ext Entry Black Honeywell,,,3,5,2,$88.33,$264.99,$93.33,$279.99,$299.58,HDW
Dimple Board 4x50',,,0,2,2,$112.38,$0.00,$129.99,$0.00,$0.00,LUM
Dipped Gloves Black XXL,,,5,15,5,$5.47,$27.35,$12.99,$64.95,$69.50,APP
Dishwasher Assembly Clips Universal,,,0,20,10,$20.98,$0.00,$24.98,$0.00,$0.00,APP
"Dishwasher Connector 1/2""FIP 3/8""COMP 60""",,,0,20,10,$13.47,$0.00,$19.99,$0.00,$0.00,APP
"Dishwasher Connector 60"" 3/8"" COMP 3/8"" COMP",,,7,20,10,$11.13,$77.91,$24.99,$174.93,$187.18,APP
"Dishwasher Connector w/ Adapters 60""",,,3,20,10,$11.39,$34.17,$22.99,$68.97,$73.80,PLU
"Dishwasher Elbow 3/8"" OD x 3/4"" GHT",,,3,20,10,$5.18,$15.54,$7.99,$23.97,$25.65,PLU
"Dishwasher Tailpiece 1 1/2""",,,1,20,10,$2.42,$2.42,$6.99,$6.99,$7.48,PLU
Disinfectant Wipes Clorox 35ct,,,1,15,5,$3.10,$3.10,$4.59,$4.59,$4.91,HDW
Dog Odor Off Concentrate,,,3,10,3,$22.46,$67.38,$29.99,$89.97,$96.27,HDW
Door Chime Kit Plug in White,,,2,10,5,$11.36,$22.72,$15.99,$31.98,$34.22,APP
Door Chime Wireless Kit White,,,2,10,3,$16.60,$33.20,$32.99,$65.98,$70.60,APP
Door Closer Heavy Duty White,,,4,10,5,$14.99,$59.96,$29.99,$119.96,$128.36,APP
"Door Guard Double Hole 5 1/2"" Stainless",,,3,10,3,$15.54,$46.62,$29.99,$89.97,$96.27,PNT
Door Hinge Routing Template,,,2,5,3,$30.66,$61.32,$35.99,$71.98,$77.02,HDW
Door Hinge Satin Nickel 3pk,,,3,15,3,$8.17,$24.51,$11.89,$35.67,$38.16,PNT
Door Jamb Weatherstrip Set White,,,4,10,3,$28.67,$114.68,$39.45,$157.80,$168.84,APP
Door Lock Install Kit,,,3,10,3,$22.31,$66.93,$35.99,$107.97,$115.53,HDW
"Door Seal White Vinyl-Clad 81""",,,3,15,5,$5.32,$15.96,$7.57,$22.71,$24.30,APP
"Door Stop Spring White 3""f",,,6,15,5,$1.86,$11.16,$5.99,$35.94,$38.46,APP
"Door Sweep Brush 36""",,,11,10,5,$10.07,$110.77,$18.99,$208.89,$223.52,PNT
"Door Sweep Commercial 36""",,,5,15,5,$9.41,$47.05,$19.99,$99.95,$106.95,APP
Doorbell Kit Wireless White,,,3,10,3,$20.98,$62.94,$30.98,$92.94,$99.45,ELE
Double Hung Window 50 Series Buck,,,0,2,2,$292.12,$0.00,$342.12,$0.00,$0.00,APP
Drain Cleaner Acid ROTO32,,,4,15,5,$5.63,$22.52,$9.99,$39.96,$42.76,PLU
"Drain Clog Remover 20""",,,12,15,5,$1.32,$15.84,$2.39,$28.68,$30.72,PLU
Drain Weasel Hair Clog Kit,,,0,15,5,$4.66,$0.00,$9.59,$0.00,$0.00,PLU
"Drill Bit SDS+ 1/2x12""",,,2,15,5,$8.69,$17.38,$22.99,$45.98,$49.20,LUM
"Drill Bit SDS+ 1/4x6""",,,2,15,5,$2.87,$5.74,$9.99,$19.98,$21.38,TOL
"Drill Bit SDS+ 3/16x6""",,,14,15,5,$4.64,$64.96,$9.59,$134.26,$143.64,TOL
"Drill Bit SDS+ 3/8x8""",,,10,15,5,$3.24,$32.40,$16.55,$165.50,$177.10,TOL
"Drill Bit SDS+ 5/16x6""",,,4,15,5,$4.75,$19.00,$11.99,$47.96,$51.32,TOL
Drill Bits Glass and Tile 4pk,,,1,10,3,$10.99,$10.99,$21.99,$21.99,$23.53,TOL
Driver Bit P2/T25 Milwaukee,,,5,15,5,$1.29,$6.45,$3.59,$17.95,$19.20,TOL
Driver Bit Set 9pc Milwaukee,,,0,15,5,$3.51,$0.00,$11.99,$0.00,$0.00,TOL
Driver Guide Set 3pc Milwaukee,,,0,10,5,$10.65,$0.00,$24.99,$0.00,$0.00,TOL
"Drop Ear Elbow 1/2"" Pex x 1/2""FNPT",,,0,15,5,$3.16,$0.00,$9.59,$0.00,$0.00,PLU
"Drop Ear Elbow 1/2""SharkBite x 1/2"" FNPT",,,1,15,5,$6.09,$6.09,$9.99,$9.99,$10.69,PLU
Dropcloth 9x12 0.7mil,,,15,15,5,$0.95,$14.25,$6.59,$98.85,$105.75,PNT
Dropcloth 9x12 2mil,,,1,15,5,$4.21,$-4.21,$8.99,$8.99,$9.62,PNT
Dropcloth Smart Grip 4x10,,,0,15,5,$4.92,$0.00,$7.99,$0.00,$0.00,PNT
Dryer Cord 6ft 30A 4 Prong,,,2,10,3,$22.38,$44.76,$28.98,$57.96,$62.02,APP
"Dryer Vent Hood 4"" White",,,5,10,5,$10.41,$52.05,$14.99,$74.95,$80.20,APP
Dryer Vent Kit White 8',,,0,10,3,$17.48,$0.00,$27.99,$0.00,$0.00,APP
Drylok Extreme White 1gal,,,6,5,3,$32.78,$196.68,$41.99,$251.94,$269.58,HDW
Drylok Extreme White 5gal,,,1,2,2,$164.19,$164.19,$209.99,$209.99,$224.69,HDW
Drylok Fast Plug Hydraulic Cement 4lb,,,6,15,5,$7.78,$46.68,$12.89,$77.34,$82.74,HDW
Drywall Anchors #6 Nylon 10pk,,,3,15,3,$4.95,$14.85,$11.99,$35.97,$38.49,HDW
Drywall Anchors Metal Self Drilling 10pk,,,4,15,3,$4.62,$18.48,$9.99,$39.96,$42.76,TOL
Drywall Drive Anchors 10pk,,,2,15,3,$6.61,$13.22,$14.99,$29.98,$32.08,HDW
Drywall Pan,,,9,15,5,$3.30,$26.40,$8.59,$77.31,$82.71,HDW
Drywall Primer 1gal,,,9,10,3,$21.45,$193.05,$27.99,$251.91,$269.55,PNT
"Drywall Screws Coarse #6x1 5/8"" 1lb",,,14,20,10,$1.90,$26.60,$9.59,$134.26,$143.64,HDW
"Drywall Screws Coarse #6x2"" 1lb",,,11,20,10,$4.44,$48.84,$7.19,$79.09,$84.59,HDW
Drywall Sheet 2x2',,,5,15,5,$6.98,$34.90,$8.99,$44.95,$48.10,HDW
"Dual Check Backflow Preventer 3/4""",,,10,5,3,$34.94,$349.40,$42.94,$429.40,$459.50,HDW
"Duct Aluminum Semi Rigid 4""x8'",,,3,10,5,$12.80,$38.40,$18.97,$56.91,$60.90,APP
"Duct Pipe Connector 4""",,,8,20,10,$6.00,$48.00,$7.39,$59.12,$63.28,PLU
Duct Seal Bar 16oz,,,6,15,5,$1.64,$9.84,$4.99,$29.94,$32.04,APP
Duct Tape Black Gorilla,,,2,20,10,$7.99,$15.98,$12.69,$25.38,$27.16,APP
Duct Tape T-Rex,,,0,20,10,$10.89,$0.00,$17.99,$0.00,$0.00,APP
DuoPower Contractor Stength Anchors 78pk,,,3,10,3,$21.32,$63.96,$26.79,$80.37,$86.01,HDW
Duplex Outlet 15A-125V,,,20,15,6,$1.14,$22.80,$1.49,$29.80,$31.80,ELE
DuraFlex ZC 1qt,,,1,5,2,$54.84,$54.84,$68.99,$68.99,$68.99,HDW
"Dust Broom Libman 36""",,,2,5,3,$49.97,$99.94,$59.97,$119.94,$128.34,APP
Dust Pan Wide Mouth Black,,,4,15,5,$6.69,$26.76,$9.59,$38.36,$41.04,HDW
Ear Plugs Corded 3M,,,1,15,5,$1.55,$1.55,$4.99,$4.99,$5.34,HDW
Ear Plugs Corded Milwaukee 3pk,,,6,15,3,$2.23,$13.38,$6.59,$39.54,$42.30,TOL
Ear Plugs Disposable 3M 8 Pair,,,3,15,5,$2.22,$6.66,$4.99,$14.97,$16.02,HDW
Easy Heat Application Tape,,,3,20,10,$5.18,$15.54,$9.99,$29.97,$32.07,HDW
Easy Off Oven Cleaner 14.5oz,,,5,15,5,$1.00,$5.00,$5.79,$28.95,$31.00,APP
Easy Sand 20 Sheetrock,,,14,20,10,$9.06,$126.84,$16.99,$237.86,$254.52,GDN
Easy Sand 45 Sheetrock,,,5,20,10,$11.83,$59.15,$14.85,$74.25,$79.45,GDN
Easy Sand 5 Sheetrock,,,17,20,10,$3.61,$57.76,$8.99,$152.83,$163.54,GDN
Easy Wring Mop Refill Head 2pk,,,4,10,3,$15.18,$60.72,$19.97,$79.88,$85.48,APP
Easy Wring Spin Mop Kit O-Cedar,,,0,10,3,$27.75,$0.00,$37.99,$0.00,$0.00,LUM
Ecos Laundry Free and Clear 100oz,,,5,10,5,$11.36,$56.80,$17.99,$89.95,$96.25,HDW
Elastic-Top Strainers 1gal 2pk,,,11,15,3,$1.40,$15.40,$4.59,$50.49,$54.01,HDW
Elastic-Top Strainers 5gal 2pk,,,11,15,3,$0.85,$9.35,$3.59,$39.49,$42.24,HDW
"Elbow 4"" Adjustable Aluminum",,,3,15,5,$6.39,$19.17,$7.39,$22.17,$23.73,PLU
"Elbow Galvanized 26GA 3""",,,9,15,5,$4.58,$41.22,$6.99,$62.91,$67.32,PLU
"Electric Radiant Heater 1,500W",,,20,5,4,$51.98,$1039.60,$74.97,$1499.40,$1604.40,APP
Electric Range Knob Kit Black 4pk,,,2,10,3,$12.41,$24.82,$23.99,$47.98,$51.34,HDW
Electric Utility Heater Perfect Aire 1500W,,,0,10,3,$22.53,$0.00,$34.99,$0.00,$0.00,APP
"Electrical Box Galv Steel 4""",,,10,15,5,$2.43,$24.30,$4.35,$43.50,$46.50,ELE
Electrical Tape Scotch,,,8,20,10,$3.93,$31.44,$6.72,$53.76,$57.52,ELE
Epoxy Clear 5 Min Gorilla,,,7,15,5,$1.50,$10.50,$6.49,$45.43,$48.58,PNT
"Everbilt Quarter Master 1/2"" MPT Brass Hose Bib",,,7,15,5,$9.17,$64.19,$11.89,$83.23,$89.04,PNT
Evertech Pro Flat Igniter Universal,,,0,10,3,$19.99,$0.00,$35.99,$0.00,$0.00,PNT
Exhaust Fan 100 CFM Delta,,,2,5,2,$67.84,$135.68,$99.99,$199.98,$213.98,APP
Exhaust Fan 110 CFM w/ Light Broan,,,3,5,3,$50.00,$150.00,$99.99,$299.97,$320.97,APP
Exhaust Fan 70 CFM Broan,,,0,10,3,$26.32,$0.00,$44.99,$0.00,$0.00,APP
Exhaust Fan with Light 60 CFM Broan,,,0,5,2,$56.44,$-56.44,$79.99,$0.00,$0.00,APP
"Ext Ring SQ Electrical Box 4x1.5""",,,0,15,5,$4.98,$0.00,$5.98,$0.00,$0.00,ELE
"Ext Screws #10x1.25"" 1lb",,,2,20,10,$7.50,$15.00,$16.46,$32.92,$35.22,HDW
"Ext Screws 3"" 1lb",,,1,20,10,$7.74,$7.74,$16.99,$16.99,$18.18,HDW
"Ext Screws 3.5"" 1lb",,,3,20,10,$7.74,$23.22,$16.99,$50.97,$54.54,HDW
"Ext Wood Screws #10x2.5"" 25 lb",,,0,10,10,$62.11,$0.00,$109.99,$0.00,$0.00,HDW
"Ext Wood Screws #10x3"" 25lb",,,1,10,10,$58.88,$58.88,$109.99,$109.99,$109.99,HDW
Extension Cord 14g 25',,,5,10,3,$27.18,$135.90,$34.98,$174.90,$187.15,ELE
Extension Cord Patriotic 12/3 25',,,0,10,3,$23.76,$0.00,$34.99,$0.00,$0.00,ELE
"Extension Tube 1 1/2x12""",,,2,15,5,$3.89,$7.78,$7.99,$15.98,$15.98,LUM
"Extension Tube 1-1/4x12""",,,2,15,5,$3.98,$7.96,$7.59,$15.18,$16.24,HDW
"E-Z Base 4x4"" Post Base Simpson",,,1,10,3,$16.54,$16.54,$36.99,$36.99,$39.58,LUM
Fabuloso Multi Purpose Cleaner 56oz,,,0,15,5,$5.00,$0.00,$9.99,$0.00,$0.00,APP
Fabuloso Multi Purpose Cleaner Lavender 169oz,,,16,15,5,$1.00,$16.00,$28.99,$463.84,$496.32,APP
Faucet and Sink Installer Tool,,,3,10,3,$18.27,$54.81,$25.89,$77.67,$83.10,PLU
"Faucet Hole Cover 1 3/4"" Brushed Nickel",,,5,15,5,$5.08,$25.40,$9.59,$47.95,$51.30,PLU
"Faucet Shank Nut 1/2"" IPS",,,8,20,10,$0.31,$2.48,$1.59,$12.72,$13.60,PLU
"Fender Washers 1-1/4"" 6pk",,,2,20,10,$1.02,$2.04,$2.79,$5.58,$5.98,HDW
"Fernco 1-1/2 x 1-1/4"" Coupling",,,3,15,5,$6.55,$19.65,$9.36,$28.08,$30.06,PLU
"Fernco 2 x 1-1/2"" Coupling",,,0,15,5,$5.05,$0.00,$8.35,$0.00,$0.00,PLU
"Fernco 3"" PVC to Cast Hub Donut",,,5,15,5,$9.25,$46.25,$15.89,$79.45,$85.00,PLU
"Festool 5"" Sandpaper 120 Grit Singles",,,112,74,37,$0.71,$79.52,$0.93,$104.16,$112.00,PNT
"Filter 20x25x4"" AprilAire 2pk",,,1,5,3,$99.90,$99.90,$119.99,$119.99,$128.39,APP
"Finish Nails 16G 1 3/4"" 1,000pc",,,2,20,10,$11.27,$22.54,$18.99,$37.98,$40.64,HDW
"Finish Nails 16G 2"" 2,500pc",,,3,20,10,$10.02,$30.06,$19.99,$59.97,$64.17,HDW
Fire Ext Kitchen 10 Kidde,,,1,10,3,$18.85,$18.85,$26.87,$26.87,$28.75,APP
Fire Ext Pro 5,,,6,5,3,$42.04,$252.24,$59.99,$359.94,$385.14,APP
Fireblock Foam Great Stuff 12oz,,,7,15,5,$9.31,$65.17,$14.99,$104.93,$112.28,APP
Firm Grip Utility Gloves 2XL,,,0,10,5,$10.78,$0.00,$14.99,$0.00,$0.00,APP
First Aide Kit 272 Pieces,,,0,5,3,$32.09,$0.00,$54.99,$0.00,$0.00,APP
Flange Fixer Repair Kit Hydroseat,,,1,10,5,$12.77,$12.77,$23.99,$23.99,$25.67,PLU
Flange Replacement Ring Steel,,,4,15,5,$4.02,$16.08,$5.96,$23.84,$25.52,PLU
Flange Ring Steel Red,,,1,15,5,$3.91,$3.91,$8.59,$8.59,$9.19,PLU
Flapper Chain,,,8,15,5,$1.26,$10.08,$2.99,$23.92,$25.60,HDW
"Flat Washer 3/16"" 30pk",,,2,20,10,$0.89,$1.78,$2.79,$5.58,$5.98,PNT
Flat Washers #8 30pk,,,4,20,10,$0.89,$3.56,$2.79,$11.16,$11.96,PNT
"Flaxmere 12"" Flush Mount Hampton Bay",,,4,10,5,$11.60,$46.40,$24.20,$96.80,$103.56,ELE
"Flex Coupling 1 1/2""",,,0,15,5,$4.43,$0.00,$9.97,$0.00,$0.00,PLU
"Flex Coupling 1 1/4""",,,1,15,5,$2.46,$2.46,$8.99,$8.99,$9.62,PLU
"Flex Coupling 2""",,,0,15,5,$2.51,$0.00,$8.59,$0.00,$0.00,PLU
Floor Register 4x10,,,0,10,5,$12.19,$0.00,$14.99,$0.00,$0.00,APP
Floor Register 6x10,,,0,10,5,$14.54,$0.00,$17.99,$0.00,$0.00,APP
"Flue Tape High Temp 1.5""x15'",,,0,20,10,$6.34,$0.00,$11.99,$0.00,$0.00,HDW
Flush Handle Universal White,,,13,15,5,$8.52,$110.76,$11.98,$155.74,$166.66,HDW
"Flush Mount 7.5"" Light Fixture",,,0,10,3,$22.18,$0.00,$22.85,$0.00,$0.00,ELE
Flush Mount Light 13 inch Single,,,17,15,5,$5.66,$96.22,$15.99,$271.83,$290.87,ELE
Flush Valve Replacement,,,2,15,5,$6.88,$13.76,$16.99,$33.98,$36.36,PLU
Flush Valve Seal Kohler Class 5&6,,,3,15,5,$6.13,$18.39,$7.99,$23.97,$25.65,PLU
Fogging Deodorizer OdoBan 1gal,,,1,10,3,$23.39,$23.39,$28.99,$28.99,$31.02,HDW
"Foil Tape 1.89""x50.3yds",,,3,20,10,$8.82,$26.46,$12.69,$38.07,$40.74,HDW
"Framing Nails Offset Head 3"" 1,000pc",,,1,20,10,$20.89,$20.89,$37.99,$37.99,$40.65,HDW
"Freca Vista 48"" Wall Mount Vanity",,,0,2,2,$523.76,$0.00,$550.00,$0.00,$0.00,HDW
Fridge n Freezer Baking Soda 14oz,,,5,15,5,$1.23,$6.15,$1.59,$7.95,$7.95,HDW
Frog Tape,,,4,20,10,$6.82,$27.28,$8.79,$35.16,$37.64,HDW
Fuel Mix 50:1 110oz Trufuel,,,4,10,3,$18.50,$74.00,$26.99,$107.96,$115.52,HDW
Furnace Cement Black 8oz,,,3,15,5,$5.85,$17.55,$7.39,$22.17,$23.73,APP
"Furnace Filter 14x20x1""",,,8,15,5,$4.90,$39.20,$11.99,$95.92,$102.64,APP
"Furnace Filter 14x25x1"" 2pk",,,9,10,3,$18.99,$170.91,$26.99,$242.91,$259.92,APP
"Furnace Filter 16x20x1""",,,10,15,5,$5.62,$56.20,$9.99,$99.90,$106.90,APP
"Furnace Filter 16x25x1""",,,9,15,5,$4.49,$40.41,$11.89,$107.01,$114.48,APP
Furnace Filter 16x25x4,,,6,10,5,$13.49,$80.94,$31.99,$191.94,$205.38,APP
"Furnace Filter 20x25x1""",,,13,15,5,$9.98,$129.74,$19.27,$250.51,$268.06,APP
"Furnace Fliter 25x25x1""",,,8,10,5,$10.55,$84.40,$14.99,$119.92,$128.32,APP
Furnace Igniter R100997,,,0,5,2,$85.33,$0.00,$95.33,$0.00,$0.00,APP
"Furnace Increaser 3""-4""",,,3,15,5,$5.82,$17.46,$9.99,$29.97,$32.07,APP
"Furnace Reducer 4""-3""",,,8,15,5,$5.89,$47.12,$9.99,$79.92,$85.52,APP
Fuse Auto ATC 5A CD5 5pk,,,2,15,3,$1.08,$2.16,$6.59,$13.18,$14.10,APP
Fusible Link 4110 Series,,,0,5,3,$33.04,$0.00,$35.04,$0.00,$0.00,HDW
Gaco Roof Gray 1gal GacoFlex,,,1,5,2,$69.69,$69.69,$99.99,$99.99,$106.99,HDW
Gaco Roof Gray 5gal GacoFlex,,,5,2,2,$267.00,$1335.00,$423.00,$2115.00,$2263.05,HDW
Galv Steel Sheet 4x8' 26GA,,,1,10,3,$19.22,$19.22,$26.22,$26.22,$28.06,LUM
Gaps and Cracks Foam Great Stuff 12oz,,,18,15,6,$4.38,$78.84,$8.99,$161.82,$173.16,APP
Garage Door Safety Sensors,,,2,5,3,$35.13,$70.26,$59.99,$119.98,$128.38,APP
Garage Remote Universal,,,2,10,3,$25.58,$51.16,$32.98,$65.96,$70.58,HDW
Garbage Disposal Badger 5 1/2HP,,,2,2,2,$126.22,$252.44,$169.00,$338.00,$361.66,APP
Garbage Disposal Whirlaway 1/2HP,,,1,5,2,$56.06,$56.06,$89.99,$89.99,$96.29,APP
Garden Hose 25ft,,,0,10,3,$18.84,$0.00,$25.99,$0.00,$0.00,GDN
Garden Hose 50',,,1,10,3,$23.98,$23.98,$34.99,$34.99,$37.44,GDN
Gardz Problem Surface Sealer 1gal Zinsser,,,3,10,3,$26.25,$78.75,$39.99,$119.97,$128.37,PNT
"Gas Connector 1/2"" x 36""",,,2,20,10,$15.17,$30.34,$29.99,$59.98,$64.18,HDW
"Gas Connector 1/2"" x 36""",,,2,20,10,$9.60,$19.20,$19.99,$39.98,$42.78,HDW
"Gas Connector 5/8"" x 48""",,,1,20,10,$17.70,$17.70,$36.99,$36.99,$39.58,HDW
Gas Range Grate JXGRATE1,,,0,5,2,$93.04,$0.00,$98.04,$0.00,$0.00,APP
Gas Range Knob Kit Black 4pk,,,2,15,3,$8.51,$17.02,$15.99,$31.98,$34.22,HDW
Gas Range Knob Kit White 4pk,,,5,15,3,$9.05,$45.25,$15.99,$79.95,$85.55,HDW
Gatorlyte Powder Packs Watermelon 48pks,,,0,5,2,$51.41,$0.00,$52.95,$0.00,$0.00,HDW
GE Silicone Caulk K&B Clear 2.8oz,,,5,20,10,$5.81,$29.05,$8.49,$42.45,$45.40,PNT
Gen Purpose Replacement Cord 16GA 8',,,4,15,5,$2.87,$11.48,$9.59,$38.36,$41.04,HDW
Gentrol IGR Concentrate 10oz,,,1,5,2,$67.60,$67.60,$77.74,$77.74,$83.18,HDW
Geocel 2300 Construction Sealant 10.3 oz,,,0,15,5,$7.85,$0.00,$17.99,$0.00,$0.00,PNT
GFCI Outlet 15A-125V,,,0,10,5,$11.14,$0.00,$23.99,$0.00,$0.00,ELE
GFCI Outlet Tamper Resistant 20A-125V,,,8,10,3,$15.51,$124.08,$25.65,$205.20,$219.60,ELE
GFCI Outlet w/ Switch White,,,3,10,3,$19.65,$58.95,$37.99,$113.97,$121.95,ELE
GFCI Outlets Tamper Resistant 3pk 15A-125V,,,0,5,3,$39.13,$0.00,$49.99,$0.00,$0.00,ELE
GFCI Receptacle Tester,,,1,15,5,$9.29,$9.29,$15.99,$15.99,$17.11,ELE
GFCI Weather Resistant 15A-25V,,,2,10,3,$15.56,$31.12,$30.99,$61.98,$66.32,ELE
GFCI Weather Resistant 20A-125V White,,,5,10,3,$21.52,$107.60,$32.99,$164.95,$176.50,ELE
GIbco's Dry Premium Cement Admixture 8oz,,,3,10,3,$19.73,$59.19,$24.33,$72.99,$78.09,HDW
"Glacier Bay 18"" Vanity White",,,0,2,2,$226.04,$0.00,$241.04,$0.00,$0.00,HDW
Glacier Bay Dunston Matte Black Faucet,,,1,10,3,$28.27,$28.27,$38.27,$38.27,$40.95,PLU
"Glass Block Window 27x17.5x3.125""",,,0,2,2,$152.88,$0.00,$182.88,$0.00,$0.00,APP
Glass Cleaner Sprayway 19oz,,,3,15,5,$2.64,$7.92,$3.39,$10.17,$10.89,APP
Glass Cook Top Cleaner 10oz,,,6,15,5,$4.06,$24.36,$6.99,$41.94,$44.88,APP
Glass Door Knob Passage Set,,,5,10,3,$26.86,$134.30,$31.99,$159.95,$171.15,HDW
"Glass Scraper 4""",,,8,15,5,$7.15,$57.20,$15.99,$127.92,$136.88,PNT
Glass Scraper Metal,,,17,15,5,$0.88,$14.96,$1.99,$33.83,$36.21,PNT
Glover Cold Weather Heavy Duty L,,,0,10,5,$11.57,$0.00,$19.99,$0.00,$0.00,APP
Gloves Firm Grip XL,,,2,10,5,$12.24,$24.48,$19.99,$39.98,$42.78,APP
Gloves Jersey Boss Black 3pk,,,0,15,3,$1.83,$0.00,$3.99,$0.00,$0.00,APP
Gloves Latex Grip L,,,5,15,5,$2.07,$10.35,$13.99,$69.95,$74.85,APP
Gloves Latex Grip M,,,3,15,5,$2.06,$6.18,$7.32,$21.96,$23.49,APP
Gloves Milwaukee XL,,,1,15,5,$2.50,$2.50,$6.99,$6.99,$7.48,TOL
Glowfly Universal Hot Surface Ignitor,,,2,5,2,$56.31,$112.62,$69.31,$138.62,$148.32,HDW
Glue Activator Spray 3.38oz,,,2,10,5,$11.69,$23.38,$13.99,$27.98,$29.94,PNT
Goo Gone Pro Power 24oz,,,3,15,5,$5.99,$17.97,$9.99,$29.97,$32.07,HDW
Goof Off Graffiti Stripper Gel,,,0,10,5,$12.33,$0.00,$12.98,$0.00,$0.00,TOL
Graphite Dry Lube Spray,,,0,15,5,$3.55,$0.00,$7.99,$0.00,$0.00,HDW
Grime Boss Wipes 30ct,,,13,15,5,$4.83,$62.79,$8.99,$116.87,$125.06,HDW
Grime Stoppers 75ct,,,0,10,5,$10.48,$0.00,$15.99,$0.00,$0.00,HDW
Ground Wire Pigtail 12AWG 5pk,,,17,15,4,$4.37,$74.29,$6.09,$103.53,$110.84,ELE
Grout Cleaner 32oz,,,10,15,5,$6.21,$62.10,$13.99,$139.90,$149.70,APP
"Gutter Screws White 1/2"" 100pk",,,0,20,10,$2.83,$0.00,$7.59,$0.00,$0.00,HDW
"Gutter Strainer 3"" Alum",,,7,15,5,$2.39,$16.73,$5.99,$41.93,$44.87,GDN
Handrail Bracket Oil Rubbed Bronze,,,0,15,5,$4.15,$0.00,$9.99,$0.00,$0.00,HDW
Handrail Bracket Satin Chrome,,,4,15,5,$1.75,$7.00,$4.99,$19.96,$21.36,PNT
Handrail Brackets Stainless Steel,,,7,15,5,$8.00,$56.00,$13.99,$97.93,$104.79,PNT
Handshower Delta 7 Sprays Shower Head,,,3,5,3,$34.38,$103.14,$43.98,$131.94,$141.18,HDW
Handy Paint Cup Purdy,,,0,15,5,$1.84,$0.00,$4.59,$0.00,$0.00,PNT
Handy Paint Pail,,,2,15,5,$6.96,$0.00,$13.99,$27.98,$29.94,PNT
Handy Paint Pail Liners 6pk,,,0,15,3,$3.11,$-3.11,$5.59,$0.00,$0.00,PNT
"Hanger Strap Galv Metal 3/4""x25'",,,8,20,10,$7.69,$61.52,$10.89,$87.12,$93.20,HDW
Hanger Strap Plastic 25',,,7,20,10,$2.86,$20.02,$3.98,$27.86,$29.82,HDW
Heat Tape Easy Heat 6-10ft,,,2,20,10,$19.97,$39.94,$32.99,$65.98,$70.60,HDW
Heat Tape Easy Heat 9-13ft,,,0,20,10,$1.00,$0.00,$35.99,$0.00,$0.00,HDW
Heat Tape Easy Tape 12-16ft,,,1,20,10,$1.00,$1.00,$34.99,$34.99,$37.44,HDW
Heavy Duty Scrub Pads 6pk,,,5,15,3,$4.78,$23.90,$6.98,$34.90,$37.35,HDW
Heavy Duty Sponge,,,3,15,5,$2.26,$6.78,$4.37,$13.11,$14.04,APP
Heavy Duty Vibration Pads 4pk,,,3,10,3,$21.83,$65.49,$24.98,$74.94,$80.19,HDW
Helix Paint Mixer,,,11,15,5,$2.69,$26.90,$6.59,$72.49,$77.55,PNT
Henry Wet Patch Roof Sealant,,,5,15,5,$4.00,$20.00,$9.00,$45.00,$48.15,PNT
HEPA Filter Milwaukee,,,1,10,5,$14.97,$14.97,$21.98,$21.98,$23.52,TOL
HEPA Filter Replacement Multi Fit,,,1,10,3,$17.63,$17.63,$32.99,$32.99,$35.30,APP
Hinge Pin Door Stop,,,6,15,5,$1.73,$10.38,$4.99,$29.94,$32.04,HDW
"Honeywell 10,000 BTU AC Unit",,,0,2,2,$255.00,$0.00,$275.00,$0.00,$0.00,APP
Honeywell 5000 BTU AC Unit,,,0,2,2,$153.54,$0.00,$158.15,$0.00,$0.00,APP
Hook Blade Stanley 5pk,,,1,15,3,$3.00,$3.00,$8.99,$8.99,$9.62,TOL
"Hose Clamp 4""",,,55,36,18,$1.00,$55.00,$3.28,$180.40,$193.05,GDN
Hot Shot Ant Bait 4ct,,,7,15,5,$2.78,$19.46,$3.99,$27.93,$29.89,GDN
Hot Shot Roach Bait 12pk,,,3,15,3,$6.55,$19.65,$8.59,$25.77,$27.57,HDW
"Hyphen 2"" Black Adhesive",,,6,15,5,$0.15,$0.90,$0.99,$5.94,$6.36,PNT
"Ice Maker Line 1/4x1/4"" 10'",,,5,15,5,$7.48,$37.40,$14.96,$74.80,$80.05,HDW
Ignitor Upgrade Kit 120V,,,0,5,3,$30.88,$0.00,$54.99,$0.00,$0.00,HDW
Industrial Cleaner with Vinegar Zep 1gal,,,16,15,5,$7.69,$123.04,$13.99,$223.84,$239.52,APP
Insecticide Turf Ranger II Granules 10lb,,,2,10,5,$10.78,$21.56,$18.99,$37.98,$40.64,GDN
InSinkErator Garbage Disposal Cord 3ft,,,2,10,3,$15.28,$30.56,$18.89,$37.78,$40.42,APP
"Isulation R-13 Faced Fiberglass 15""x32'",,,17,10,4,$20.25,$344.25,$27.97,$475.49,$508.81,APP
Jamb Repair Kit Defender Security,,,3,10,3,$27.13,$81.39,$35.27,$105.81,$113.22,HDW
JB Weld SteelStik Epoxy Singles,,,63,42,21,$5.13,$323.19,$8.99,$566.37,$606.06,PNT
"Jigsaw Blades 4""x10T 2pk",,,2,15,3,$3.06,$6.12,$7.49,$14.98,$16.02,TOL
Joint Compound All Purpose 1.75pt Sheetrock,,,12,15,5,$3.00,$36.00,$5.99,$71.88,$76.92,HDW
Joint Compound All Purpose 3.5qt Sheetrock,,,5,15,5,$5.60,$22.40,$9.99,$49.95,$49.95,HDW
Joint Compound DryDex 32oz,,,6,15,5,$6.83,$40.98,$9.59,$57.54,$61.56,HDW
JT Eaton Webster Cobweb Duster Head,,,5,10,3,$17.05,$85.25,$20.46,$102.30,$109.45,HDW
Key Tag with Ring,,,101,66,33,$0.14,$14.14,$0.79,$79.79,$85.85,HDW
Keyless Double Keypad Door Lock,,,0,5,2,$89.99,$0.00,$99.99,$0.00,$0.00,HDW
Keyless Lampholder White,,,4,15,5,$2.21,$8.84,$5.29,$21.16,$22.64,ELE
Kilz All Purpose Primer 1qt,,,1,10,5,$12.98,$0.00,$16.99,$16.99,$18.18,PNT
Kitchen Faucet Home Plus Chrome,,,4,10,5,$12.83,$51.32,$32.99,$131.96,$141.20,PLU
Kitchen Faucet Home Plus Chrome w/ Sprayer,,,1,10,3,$16.32,$16.32,$37.99,$37.99,$40.65,PLU
Kitchen Faucet Pull Down Stainless,,,4,5,2,$63.06,$252.24,$99.99,$399.96,$427.96,PLU
Kitchen Faucet Single Lever Pullout,,,4,5,2,$67.35,$269.40,$97.98,$391.92,$419.36,PLU
Kitchen Faucet w/ Sprayer Stainless,,,1,5,2,$58.74,$58.74,$89.99,$89.99,$96.29,PLU
Kitchen Pro Antibacterial Cleaner Lysol 22oz,,,2,15,5,$4.17,$8.34,$5.99,$11.98,$12.82,APP
Knob Satin Nickel Bifold Doors,,,5,15,5,$4.77,$23.85,$8.59,$42.95,$45.95,PNT
KW Lock & Deadbolt Single,,,9,10,3,$18.70,$168.30,$28.49,$256.41,$274.32,HDW
Kwik Seal Plus Adhesive Sealant White DAP,,,5,15,5,$4.27,$21.35,$9.99,$49.95,$53.45,PNT
Kwik Seal Plus White DAP 5.5oz,,,6,15,5,$3.87,$23.22,$7.59,$45.54,$48.72,PNT
Kwikset KW-1 Key,,,77,50,25,$0.40,$30.80,$3.86,$297.22,$318.01,HDW
Kwikset KW-10 Key,,,37,24,12,$0.46,$17.02,$3.98,$147.26,$157.62,HDW
Kwikset KW-5 Key,,,24,16,8,$0.53,$12.72,$3.98,$95.52,$102.24,HDW
Kwikset Security Set Project Pack,,,4,5,3,$34.58,$138.32,$64.99,$259.96,$278.16,HDW
"Lag Screw 1/4x6"" Singles",,,42,28,14,$1.36,$57.12,$1.79,$75.18,$80.64,HDW
"Lag Screw 5/16x8"" Singles",,,14,20,10,$1.51,$21.14,$4.59,$64.26,$68.74,HDW
"Lag Screw Washer Head 5/16x5"" Singles",,,6,20,10,$0.97,$5.82,$1.78,$10.68,$11.40,HDW
Lampholder Plastic White w/ Chain,,,11,15,5,$4.28,$47.08,$5.69,$62.59,$66.99,ELE
Large Hole Repair Kit 3M,,,8,10,3,$15.28,$122.24,$18.99,$151.92,$151.92,HDW
Large Scrub Brush,,,5,15,5,$3.46,$17.30,$4.59,$22.95,$24.55,PNT
Laundry Faucet Block,,,4,15,5,$4.38,$17.52,$9.59,$38.36,$41.04,PLU
Laundry Faucet Central Brass,,,1,5,3,$41.88,$41.88,$51.88,$51.88,$55.51,PLU
Laundry Faucet Chrome 2 Handle,,,1,10,3,$19.25,$19.25,$25.99,$25.99,$27.81,PLU
Laundry Faucet Chrome 2 Handle Pullout,,,2,10,3,$27.15,$54.30,$44.99,$89.98,$96.28,PLU
Lav Pop Up Drain Chrome,,,1,10,5,$10.12,$10.12,$22.99,$22.99,$24.60,PLU
"Leader Hose 5/8""x15'",,,3,15,5,$6.39,$19.17,$15.99,$47.97,$51.33,GDN
Leak Detector Blue Monster 8oz,,,6,15,5,$7.56,$45.36,$13.15,$78.90,$84.42,HDW
LED 100W 4pk Daylight,,,18,15,4,$3.89,$70.02,$9.50,$171.00,$183.06,HDW
LED 100W A19 Light Bulbs Daylight 4pk,,,10,15,3,$9.67,$96.70,$15.97,$159.70,$170.90,ELE
LED 60W Bright White 4pk,,,8,15,3,$9.38,$75.04,$14.99,$119.92,$128.32,HDW
LED 60W Bulb Daylight,,,13,15,5,$1.25,$16.25,$4.99,$64.87,$69.42,HDW
LED 75W Bulbs 4pk,,,0,15,3,$5.01,$0.00,$9.98,$0.00,$0.00,HDW
LED A19 100W 8pk,,,10,10,3,$12.63,$126.30,$19.89,$198.90,$212.80,HDW
LED Appliance Bulb 40W A15,,,3,15,5,$5.30,$15.90,$7.39,$22.17,$23.73,APP
LED Bulb T6 E12 WW 1.2W,,,4,15,5,$2.24,$8.96,$5.99,$23.96,$25.64,ELE
LED C7 E12 DL 4W 4pk,,,3,15,3,$2.73,$8.19,$7.99,$23.97,$25.65,HDW
LED Dim ST19 60W 2pk,,,3,15,3,$4.21,$12.63,$9.99,$29.97,$32.07,HDW
LED Emergency Light,,,2,10,3,$22.98,$45.96,$31.99,$63.98,$68.46,HDW
"LED Flat Panel 11""",,,3,10,3,$28.24,$56.48,$35.97,$107.91,$115.47,PNT
"LED Flat Panel 15""",,,2,5,3,$40.35,$80.70,$49.99,$99.98,$106.98,PNT
LED Floodlight Bulb E26 Singles,,,3,15,5,$6.62,$19.86,$9.98,$29.94,$32.04,ELE
"LED Garage Light 8,000L",,,1,10,3,$20.87,$20.87,$41.99,$41.99,$44.93,HDW
LED Microwave Bulb WW 40W,,,4,15,5,$3.11,$12.44,$8.59,$34.36,$36.76,APP
"LED Round Ceiling Fixture 13""",,,0,10,3,$21.95,$0.00,$35.99,$0.00,$0.00,HDW
"Letter Set A-Z 2"" Black 63pc",,,3,15,5,$1.37,$4.11,$6.59,$19.77,$21.15,HDW
Lever Nuts Wire Connector 1 way 10pk,,,6,20,10,$4.55,$27.30,$7.99,$47.94,$51.30,ELE
Lever Nuts Wire Connector 2 way 10pk,,,8,20,10,$6.73,$53.84,$8.99,$71.92,$76.96,ELE
Lever Nuts Wire Connector 3 way 10pk,,,5,20,10,$3.83,$19.15,$6.99,$34.95,$37.40,ELE
Lever Nuts Wire Connector 5 way 10pk,,,5,20,10,$5.25,$26.25,$7.99,$39.95,$42.75,ELE
Leviton Decora Digital Timer,,,0,5,3,$39.91,$0.00,$49.91,$0.00,$0.00,ELE
"LG 12,000 BTU AC Unit",,,1,2,2,$419.00,$419.00,$498.00,$498.00,$532.86,APP
Lid for 5gal Buckets,,,8,15,5,$2.98,$23.84,$4.99,$39.92,$42.72,APP
"Lift Handle White 3 5/16"" Prime Line",,,3,15,5,$5.27,$15.81,$7.27,$21.81,$23.34,HDW
Limit Control Disk Manual Reset,,,2,15,5,$9.24,$18.48,$14.24,$28.48,$30.48,HDW
Liquid Ant Baits 6pk,,,7,15,3,$4.38,$30.66,$5.99,$41.93,$44.87,GDN
Liquid Glue Pen Gorilla,,,1,15,5,$4.75,$4.75,$7.99,$7.99,$8.55,PNT
Liquid Nails 10oz,,,3,20,10,$3.26,$9.78,$6.59,$19.77,$21.15,HDW
Liquilock Toilet Gel Oatey,,,14,15,5,$1.88,$26.32,$4.59,$64.26,$68.74,PLU
"Lock and Door Reinforcement Plate 1 3/8""",,,2,15,5,$9.69,$19.38,$12.69,$25.38,$27.16,HDW
Lock and Door Reinforcer Large Ext Stainless,,,2,10,5,$11.70,$11.70,$19.99,$39.98,$42.78,PNT
Lock and Door Reinforcer Single Hole Brass,,,3,15,5,$8.99,$26.97,$28.99,$86.97,$93.06,HDW
Lock and Door Reinforcer Single Hole Stainless,,,2,15,5,$7.81,$15.62,$17.99,$35.98,$38.50,PNT
Lock Bike Shack ADJ 1.75,,,2,15,5,$4.92,$9.84,$12.99,$25.98,$27.80,HDW
Lock Box 4 Digit Flexible,,,2,5,3,$36.07,$72.14,$54.99,$109.98,$117.68,HDW
Lock Box Combo Dial,,,21,10,5,$26.00,$546.00,$40.99,$860.79,$921.06,HDW
Lock De-Icer 0.5oz,,,3,15,5,$1.30,$3.90,$3.99,$11.97,$12.81,HDW
Loctite Spray Adhesive,,,1,15,5,$1.00,$1.00,$10.99,$10.99,$11.76,PNT
Loctite Tub Surround Adhesive,,,8,15,5,$5.16,$41.28,$6.16,$49.28,$52.72,PNT
Louvered Vent Kit With Guard,,,2,10,3,$24.02,$48.04,$36.97,$73.94,$79.12,APP
Lube Graphite Tube 0.21oz,,,7,15,5,$0.87,$6.09,$1.99,$13.93,$14.91,HDW
Lysol All Purpose Cleaner 144oz,,,1,10,3,$19.98,$19.98,$24.98,$24.98,$26.73,APP
Lysol All Purpose Cleaner Lemon 32oz,,,7,15,5,$4.78,$33.46,$7.99,$55.93,$59.85,APP
"Machine Screws #8-32x2""",,,5,20,10,$4.47,$22.35,$4.97,$24.85,$26.60,HDW
Machine Screws and Nuts Multi Pack,,,2,20,10,$2.14,$4.28,$9.59,$19.18,$20.52,HDW
Mailbox Horizontal Plastic Black,,,2,10,3,$19.62,$39.24,$24.99,$49.98,$53.48,HDW
Mailbox Horizontal Townhouse Black,,,3,10,3,$15.94,$47.82,$28.99,$86.97,$93.06,HDW
Mailbox Lock Brass 3 Cam Style w/ Locknut,,,0,15,5,$4.18,$0.00,$9.99,$0.00,$0.00,HDW
Mailbox Lock Brass 5 Cam Style w/ Clip,,,0,15,5,$4.21,$0.00,$9.99,$0.00,$0.00,HDW
Mailbox Townhouse Wall Mount Black,,,4,10,5,$14.40,$57.60,$22.99,$91.96,$98.40,HDW
Mailbox Vertical Econ Black,,,5,10,5,$10.75,$53.75,$19.99,$99.95,$99.95,HDW
Manual Resest,,,2,15,5,$6.93,$13.86,$10.93,$21.86,$23.40,HDW
Manual Reset,,,2,15,5,$6.14,$12.28,$9.14,$18.28,$19.56,HDW
Marker Black King Size,,,1,15,5,$1.31,$1.31,$3.59,$3.59,$3.84,HDW
Masonry Brush,,,3,15,5,$9.15,$27.45,$12.97,$38.91,$41.64,PNT
"Max Cool 9"" Window Fan",,,0,5,3,$46.51,$0.00,$52.51,$0.00,$0.00,APP
Maxfit P2 Driver Bit 2pk,,,8,15,3,$1.04,$8.32,$4.99,$39.92,$42.72,TOL
MaxFlex White Sealant 10.1oz,,,0,15,5,$3.90,$0.00,$6.99,$0.00,$0.00,PNT
Measure Pro Cabinet Knob Install Kit,,,3,15,5,$5.13,$15.39,$9.59,$28.77,$30.78,HDW
"Medicine Cabinet Recessed 16x24""",,,0,2,2,$126.65,$0.00,$136.65,$0.00,$0.00,HDW
Medium Scrub Brush,,,1,15,5,$2.51,$2.51,$4.99,$4.99,$5.34,PNT
"Mesh Joint Tape 150'x1-7/8""",,,3,20,10,$2.50,$7.50,$8.99,$26.97,$28.86,HDW
"Mesh Strainer 2 3/4""",,,5,15,5,$1.55,$7.75,$5.59,$27.95,$29.90,HDW
Metal Bucket Grid 1gal,,,7,15,5,$0.85,$5.95,$4.99,$34.93,$37.38,APP
Metal Bucket Grid 5gal,,,8,15,5,$1.35,$10.80,$5.99,$47.92,$51.28,APP
"Metal Cut-Off Wheel 3""",,,4,10,5,$13.84,$55.36,$16.69,$66.76,$71.44,HDW
Micro Gold Disinfectant Spray,,,4,15,5,$6.70,$26.80,$9.89,$39.56,$39.56,HDW
Microban Sanitizing Spray 15oz,,,2,15,5,$5.71,$11.42,$7.99,$15.98,$17.10,HDW
Microfiber Cleaning Cloth 48pk,,,8,10,3,$17.08,$136.64,$26.99,$215.92,$231.04,APP
Microfiber Cleaning Cloth 6pk,,,0,15,3,$4.63,$0.00,$7.99,$0.00,$0.00,APP
Microfiber Towels 24pk,,,8,15,3,$9.98,$79.84,$14.49,$115.92,$115.92,HDW
Midlew Treatment Additive M-1,,,2,15,5,$4.30,$8.60,$5.38,$10.76,$11.52,HDW
"Milwaukee 3"" Drive Guide",,,4,15,5,$6.73,$26.92,$9.35,$37.40,$40.00,TOL
Milwaukee Driver Bit Set 13pc,,,3,15,5,$5.99,$17.97,$10.59,$31.77,$33.99,TOL
Milwaukee Driver Bit Set 45pc,,,2,10,3,$15.12,$30.24,$29.97,$59.94,$64.14,TOL
Milwaukee Hole Dozer Hole Saw Kit 9pc,,,0,5,3,$42.37,$0.00,$54.97,$0.00,$0.00,TOL
Milwaukee Inkzall Marks Black 2pk,,,12,15,3,$1.58,$18.96,$3.61,$43.32,$46.32,TOL
"Milwaukee Saw Blade Fine Finish 7 1/4""",,,3,10,5,$10.69,$32.07,$17.99,$53.97,$57.75,TOL
"Milwaukee Saw Blade Framing 6 1/2""",,,0,15,5,$8.02,$0.00,$14.99,$0.00,$0.00,TOL
"Milwaukee Saw Blade Framing 7 1/4""",,,3,15,5,$7.28,$21.84,$9.99,$29.97,$32.07,TOL
Milwaukee Sawzall Blade 5pk Metal,,,7,15,3,$8.42,$58.94,$13.99,$97.93,$104.79,TOL
"Mini Blind 1"" White 34x64""",,,5,15,5,$8.01,$40.05,$13.99,$69.95,$74.85,APP
"Mini Blinds 1"" 16x48",,,0,10,5,$13.81,$0.00,$16.99,$0.00,$0.00,APP
Mini Drain Plunger,,,2,15,5,$8.83,$17.66,$19.83,$39.66,$42.44,PLU
"Mini Roller Covers 1/2"" Nap 2pk",,,18,15,4,$3.19,$54.23,$7.99,$143.82,$153.90,PNT
"Mini Roller Covers 3/8"" Nap 2pk",,,16,15,4,$3.05,$48.80,$7.99,$127.84,$136.80,PNT
Mini Roller Frame,,,5,15,5,$3.54,$14.16,$6.59,$32.95,$35.25,PNT
Misc Knobs and Handles 10 pks,,,14,15,5,$1.00,$14.00,$12.00,$168.00,$179.76,HDW
Misc Knobs and Handles Singles,,,21,15,7,$1.00,$21.00,$1.50,$31.50,$33.81,HDW
Mold Control 32oz,,,4,15,5,$8.12,$32.49,$17.99,$71.96,$77.00,HDW
Mortar Repair Tube 10oz,,,13,15,5,$3.87,$50.31,$6.99,$90.87,$97.24,GDN
Mortise Lock Key Brass,,,3,15,5,$8.33,$24.99,$17.99,$53.97,$57.75,HDW
"Motion Flush Mount 12"" LED Light",,,0,5,3,$47.95,$0.00,$53.95,$0.00,$0.00,ELE
Mouse Traps Victor 2pk,,,38,18,9,$0.90,$34.20,$2.79,$106.02,$113.62,PLU
Mr Clean Magic Eraser 2pk,,,10,15,3,$2.06,$20.60,$3.99,$39.90,$42.70,HDW
"Multi Material Screws #10x2""",,,4,20,10,$7.61,$30.44,$16.59,$66.36,$71.00,HDW
Multi Tool Sealant Cutter 5pk Milwaukee,,,0,10,3,$17.36,$0.00,$25.99,$0.00,$0.00,PNT
Multi Tool Wood Blade,,,46,30,15,$0.49,$22.05,$5.99,$275.54,$294.86,TOL
"Mushroom Head Anchors 1/4x1""",,,3,10,3,$17.35,$52.05,$33.97,$101.91,$109.05,HDW
Neutral pH Floor Cleaner Zep 1gal,,,4,10,5,$10.24,$40.96,$15.99,$63.96,$68.44,APP
Niagara Water 24pk,,,18,15,4,$4.23,$76.14,$6.99,$125.82,$134.64,HDW
Night Latch Single Cylinder,,,2,10,3,$21.18,$42.36,$26.47,$52.94,$56.64,HDW
"Nipple Brass 3/4x5""",,,4,15,5,$6.24,$24.96,$14.99,$59.96,$64.16,HDW
Nitrile Gloves Black MD 40ct,,,8,15,5,$9.25,$74.00,$12.98,$103.84,$111.12,APP
Nitrile Gloves Textured XL 100 Pair,,,0,10,3,$24.99,$0.00,$31.99,$0.00,$0.00,APP
"NM Cable Staples Wood 1/2"" 50pk",,,5,20,10,$1.21,$6.05,$2.99,$14.95,$16.00,ELE
Nonground Recept 15A White,,,4,15,5,$1.30,$5.20,$2.99,$11.96,$12.80,HDW
"Numbers 0-9 Black 2"" 35pc",,,11,15,5,$1.45,$15.95,$4.99,$54.89,$58.74,HDW
"Nut and Slip Joint Washer 1 1/4""",,,4,20,10,$1.18,$4.72,$2.79,$11.16,$11.96,HDW
Nut Driver Set Milwaukee 4pc,,,2,20,10,$7.29,$14.58,$18.99,$37.98,$40.64,TOL
"Oct Box 4x1-1/2""",,,0,15,5,$1.30,$0.00,$2.63,$0.00,$0.00,HDW
Odorless Oil Base Stain Blocker,,,0,5,3,$43.38,$0.00,$49.99,$0.00,$0.00,PNT
Odorless Spray Primer Zinsser Singles,,,28,18,9,$6.68,$180.36,$10.98,$307.44,$329.00,PNT
Old Work Switch Box Clip,,,6,15,5,$1.14,$6.84,$2.19,$13.14,$14.04,ELE
OSI Quad Max 9.5oz,,,9,10,5,$10.67,$96.03,$12.48,$112.32,$120.15,HDW
OSI Quad Sealant 10oz,,,4,15,5,$1.00,$4.00,$6.99,$27.96,$29.92,PNT
Outdoor 1 Gang Box 3H,,,24,16,8,$4.72,$113.28,$9.99,$239.76,$256.56,ELE
Outlet 4Wire 3P 30A Black,,,3,10,5,$14.52,$43.56,$21.89,$65.67,$70.26,ELE
Outlet 4Wire 50A 250V Black,,,3,10,5,$10.25,$30.75,$18.98,$56.94,$60.93,ELE
Outlet Box Round Plastic 5H,,,0,15,5,$4.87,$0.00,$9.99,$0.00,$0.00,ELE
Oven and Grill Cleaner Zep 19oz,,,2,15,5,$4.27,$8.54,$6.99,$13.98,$14.96,APP
Ozium Air Sanitizer 3.5oz,,,4,15,5,$6.48,$25.92,$10.89,$43.56,$46.60,HDW
"P Trap Plastic White 1 1/2""",,,2,15,5,$4.30,$4.30,$9.89,$19.78,$21.16,PLU
"P Trap Plastic White 1 1/4""",,,3,15,5,$3.63,$7.26,$7.99,$23.97,$25.65,PLU
Packard Transformer Output 40VA,,,2,10,3,$18.56,$37.12,$24.56,$49.12,$52.56,HDW
"Padlock Numeric Gold 5/16""",,,3,10,3,$17.32,$51.96,$29.99,$89.97,$96.27,HDW
"Padlock with Cover 1 1/2""",,,1,15,5,$7.46,$7.46,$17.99,$17.99,$19.25,HDW
"Paint Brush Flat 3""",,,10,15,5,$3.47,$31.23,$7.99,$79.90,$85.50,PNT
"Paint Brush Pro Firm Flat 3"" Wooster",,,7,15,5,$6.78,$47.46,$20.42,$142.94,$152.95,PNT
"Paint Brush Soft 2""",,,0,10,5,$10.17,$-10.17,$17.99,$0.00,$0.00,PNT
"Paint Brush Ultra Pro 2.5"" Soft Angle Wooster",,,7,15,5,$6.79,$47.53,$11.99,$83.93,$89.81,PNT
"Paint Brush XL Glide Angle 2.5"" Purdy",,,0,10,5,$11.81,$0.00,$17.99,$0.00,$0.00,PNT
Paint Pail Liner Poly 5qt,,,12,15,5,$0.79,$9.48,$1.99,$23.88,$25.56,PNT
Paint Pail Metal 5qt,,,3,15,5,$4.14,$12.42,$8.59,$25.77,$27.57,PNT
Paint Pail Wooster Pelican,,,5,15,5,$8.90,$35.60,$12.89,$64.45,$68.95,PNT
Paint Respirator 3M 2pk,,,12,15,3,$3.97,$47.64,$8.59,$103.08,$110.28,PNT
Paint Respirators 3M 20pk,,,1,10,3,$11.45,$11.45,$26.99,$26.99,$28.88,PNT
"Paint Roller Cover 14"" 1/2"" Nap",,,3,15,5,$6.99,$20.97,$11.99,$35.97,$38.49,PNT
"Paint Roller Cover 9"" 1/2"" Nap 3pk",,,3,15,3,$9.17,$27.51,$16.99,$50.97,$54.54,PNT
"Paint Roller Cover 9"" 3/8"" Nap",,,11,15,5,$1.60,$16.00,$4.89,$53.79,$57.53,PNT
"Paint Roller Cover 9"" 3/8"" Nap 3pk",,,6,15,3,$3.92,$19.60,$11.99,$71.94,$76.98,PNT
Paint Strainer Cone 4pk,,,3,15,3,$0.61,$1.83,$1.79,$5.37,$5.76,PNT
Paint Tray Liner White Singles,,,47,30,15,$0.94,$39.48,$1.69,$79.43,$85.07,PNT
Paint Tray Liners Clear 1qt,,,23,15,7,$0.61,$14.03,$1.79,$41.17,$41.17,PNT
Paint Tray Metal 1qt,,,6,15,5,$2.98,$11.92,$5.59,$33.54,$35.88,PNT
Paint Wipes Miracle Brands 30ct,,,5,15,5,$8.80,$44.00,$11.99,$59.95,$64.15,PNT
Paintable Silicone GE 10.1oz,,,14,20,10,$7.00,$98.00,$11.99,$167.86,$179.62,PNT
Painter Pail Liners Purdy 3pk,,,9,15,3,$5.29,$47.61,$8.59,$77.31,$82.71,PNT
Painter Pale Yellow Purdy,,,0,15,5,$9.54,$0.00,$16.99,$0.00,$0.00,PNT
Painters Tool 15 in 1,,,5,15,5,$6.00,$30.00,$8.99,$44.95,$48.10,PNT
Paper Towels Bounty 6pk,,,1,15,3,$7.89,$7.89,$9.99,$9.99,$10.69,HDW
Paper Towels HDX 1 Roll,,,9,15,5,$0.98,$8.82,$5.99,$53.91,$57.69,HDW
Pass Through Door Knob Kwikset,,,2,10,5,$11.87,$23.74,$14.89,$29.78,$31.86,HDW
Pass Through Knob Hall & Closet Schlage,,,4,10,3,$15.09,$60.36,$22.97,$91.88,$98.32,HDW
Passage Lever Hall & Closet Kwikset,,,3,10,3,$15.87,$47.61,$25.99,$77.97,$83.43,HDW
PB Blaster Catalyst Penetrate 11oz,,,0,15,5,$4.94,$0.00,$9.59,$0.00,$0.00,HDW
PB Blaster Penetrating Grease 8oz,,,0,15,5,$4.51,$0.00,$7.99,$0.00,$0.00,HDW
Pelican Paint Pail Liners 3pk,,,9,15,3,$4.05,$32.40,$6.89,$62.01,$66.33,PNT
Pencil with Eraser,,,21,15,7,$0.26,$5.46,$0.55,$11.55,$12.39,HDW
PER PACKET Tomcat Rat and Mouse Poison,,,80,52,26,$1.00,$80.00,$1.99,$159.20,$170.40,HDW
Perimeter Ant Bait 2lb,,,2,15,5,$9.79,$19.58,$15.99,$31.98,$34.22,GDN
Pestblock Foam Great Stuff 12oz,,,5,15,5,$9.87,$49.35,$11.97,$59.85,$64.05,APP
Pet Fresh Carpet Odor Elim 30oz,,,4,15,5,$2.42,$9.68,$4.59,$18.36,$19.64,HDW
"Pex A Expansion Sleeves 1/2"" 25pk",,,2,15,3,$5.13,$10.26,$6.59,$13.18,$14.10,PLU
Pex A Expansion Tool Kit,,,1,2,2,$121.81,$121.81,$139.99,$139.99,$149.79,PLU
"Pex Clamp Rings 1/2"" 10pk",,,6,20,10,$2.04,$12.24,$7.99,$47.94,$51.30,PLU
"Pex Clamp Rings 1/2"" 25pk",,,1,20,10,$5.71,$5.71,$16.99,$16.99,$18.18,PLU
"Pex Coupling 1/2"" 10pk",,,9,15,3,$6.45,$58.05,$17.99,$161.91,$173.25,PLU
"Pex Coupling 1/2"" Brass",,,16,15,5,$0.84,$13.44,$2.39,$38.24,$40.96,PLU
"Pex Crimp Rings 3/4"" 10pk",,,10,15,3,$2.72,$27.20,$7.99,$79.90,$85.50,PLU
"Pex Crimp Rings 3/4"" 25pk",,,6,15,3,$6.60,$39.60,$9.59,$57.54,$61.56,PLU
"Pex Elbow 1/2""x1/2"" Brass",,,0,15,5,$1.01,$0.00,$2.79,$0.00,$0.00,PLU
"Pex Elbow 1/2""x1/2"" Brass 10pk",,,1,15,3,$9.01,$9.01,$19.99,$19.99,$21.39,PLU
"Pex Straight Valve 1/2""",,,0,15,5,$4.73,$0.00,$10.99,$0.00,$0.00,PLU
"Pex Talons 1/2"" 10 pk",,,22,15,7,$0.82,$18.04,$3.59,$78.98,$84.48,PLU
"Pex Talons 3/4"" 10pk",,,7,15,3,$1.10,$7.70,$4.59,$32.13,$34.37,PLU
"Pex Tee 1/2x1/2x1/2"" Brass",,,12,15,5,$1.48,$17.76,$3.59,$43.08,$46.08,PLU
"Pex Tee 1/2x1/2x1/2"" Brass 10pk",,,2,10,3,$10.95,$21.90,$21.99,$43.98,$47.06,PLU
"Pex Tube Talon 1/2"" 10pk",,,35,16,8,$0.88,$30.80,$2.59,$90.65,$96.95,PLU
Phillips #2 Bits 5pk,,,2,15,3,$8.97,$17.94,$10.97,$21.94,$23.48,TOL
Pigtail Lampholder WP#124,,,9,15,5,$1.60,$14.40,$3.99,$35.91,$38.43,ELE
Pine Sol Cleaner 40oz,,,4,15,5,$8.98,$35.92,$10.99,$43.96,$47.04,LUM
Pine Sol Cleaner 80oz,,,1,15,5,$9.99,$9.99,$14.99,$14.99,$16.04,LUM
"Pipe Galv 30GA 3x60""",,,9,15,5,$9.42,$84.78,$13.89,$125.01,$133.74,PLU
"Pipe Galv 30GA 4x24""",,,1,15,5,$4.40,$4.40,$8.59,$8.59,$9.19,PLU
"Pipe Hanger J Hook 2""",,,0,15,5,$1.31,$0.00,$1.69,$0.00,$0.00,PLU
Pipe Heating Cable Easy Heat 15-19ft,,,3,10,3,$24.07,$72.21,$38.99,$116.97,$125.16,PLU
"Pipe Insulation 1/2""x6'",,,7,15,5,$1.34,$9.38,$3.59,$25.13,$26.88,PLU
"Pipe Insulation 3/4""x6'",,,0,15,5,$1.66,$0.00,$4.59,$0.00,$0.00,PLU
Pistol Grip Hose Nozzle,,,0,15,5,$7.52,$0.00,$9.99,$0.00,$0.00,GDN
"Plaster Washer 1""",,,1,20,10,$4.48,$4.48,$9.99,$9.99,$10.69,HDW
Plastic 5gal Bucket,,,15,15,5,$3.51,$49.14,$7.59,$113.85,$121.80,APP
Plastic Pail 2gal,,,14,15,5,$2.33,$27.96,$4.99,$69.86,$74.76,HDW
Plastic Pail Lid for 1gal,,,30,20,10,$1.12,$33.60,$2.79,$83.70,$89.70,HDW
Plastic Pail Lid for 2gal,,,12,15,5,$0.95,$11.40,$2.99,$35.88,$38.40,HDW
"Plate Filler 1"" BG5",,,4,15,5,$2.28,$9.12,$8.59,$34.36,$36.76,HDW
Plate Filler Homeline CD3,,,5,15,5,$4.80,$24.00,$9.59,$47.95,$51.30,HDW
Pledge Multi Surface pH Balanced 9.7oz,,,2,15,5,$5.14,$10.28,$7.59,$15.18,$16.24,HDW
Plug in CO/EXP Gas Alarm,,,5,5,3,$41.15,$205.75,$64.99,$324.95,$347.70,HDW
Plumber's Putty 14oz,,,1,15,5,$1.01,$1.01,$3.99,$3.99,$4.27,PLU
Plumbing Solder Kit 3oz,,,0,10,5,$11.73,$0.00,$31.99,$0.00,$0.00,PLU
"Portable AC Costway 5,500 BTU",,,4,2,2,$264.95,$1059.80,$309.99,$1239.96,$1326.76,APP
Power Grab All Purpose Adhesive 9oz,,,0,15,5,$3.22,$0.00,$6.99,$0.00,$0.00,PNT
Power Grab Ulitmate 9oz,,,18,15,6,$9.43,$160.31,$10.89,$196.02,$209.70,HDW
Premium Foil Tape HVAC,,,5,20,10,$27.98,$139.90,$32.98,$164.90,$176.45,APP
"Pressure Reducing Valve 1""",,,0,5,2,$91.90,$0.00,$109.99,$0.00,$0.00,PLU
"Pressure Reducing Valve 3/4""",,,0,5,2,$78.13,$0.00,$91.81,$0.00,$0.00,PLU
Pressure Switch,,,2,10,3,$29.15,$58.30,$38.15,$76.30,$81.64,ELE
Pressure Switch,,,2,10,5,$13.08,$26.16,$18.08,$36.16,$38.70,ELE
Pressure Switch,,,2,10,5,$13.08,$26.16,$18.08,$36.16,$38.70,ELE
"Prime Line 25"" Block and Tackle",,,0,10,5,$13.96,$0.00,$16.96,$0.00,$0.00,HDW
Privacy Lever Bed & Bsth Kwikset,,,3,10,3,$17.06,$51.18,$26.99,$80.97,$86.64,HDW
ProBlock Interior Oil Bases Primer,,,8,15,5,$4.31,$34.48,$7.98,$63.84,$68.32,PNT
Promar 200 Eg Shell LFG 5gal,,,0,5,2,$96.35,$0.00,$147.96,$0.00,$0.00,HDW
Promar 200 Flat White 1gal,,,2,10,3,$18.27,$36.54,$31.99,$63.98,$68.46,PNT
Promar 200 Semi Gloss White 1gal,,,2,10,3,$21.23,$0.00,$32.99,$65.98,$70.60,PNT
Promar 400 Flate White 5gal,,,0,5,2,$99.95,$0.00,$141.96,$0.00,$0.00,PNT
Promar Ceiling Paint White 1gal,,,13,10,3,$24.95,$299.40,$29.95,$389.35,$416.65,PNT
Propel Drink Packs Variety,,,0,5,3,$34.39,$0.00,$37.99,$0.00,$0.00,HDW
"ProPress Cap 3/4"" 10pk",,,2,5,3,$69.29,$138.58,$81.99,$163.98,$175.46,PLU
Prorective Enamel Spray Paint Black,,,5,15,5,$5.83,$29.15,$7.39,$36.95,$39.55,PNT
ProTeam Intercept Micro Vac Bags Singles,,,4,15,5,$1.92,$7.68,$2.49,$9.96,$10.64,HDW
ProTeam Telescoping Wand,,,0,2,2,$100.35,$0.00,$110.35,$0.00,$0.00,HDW
PT Alpine Flea & Bed Bug Pressurized Insecticide,,,2,10,3,$22.49,$44.98,$29.31,$58.62,$62.72,LUM
PTFE Pipe Sealant 2oz Blue Monster,,,11,15,5,$3.45,$37.95,$7.59,$83.49,$89.32,PLU
PTFE Thread Pipe Tape Blue Monster,,,11,20,10,$1.74,$19.14,$4.59,$50.49,$54.01,PLU
P-Trap Universal Clear ABS,,,3,15,5,$4.00,$12.00,$6.99,$20.97,$22.44,PLU
Pull Chain Switch,,,7,15,5,$1.97,$13.79,$7.59,$53.13,$56.84,ELE
"Pull Handle White 6 1/2""",,,3,15,5,$3.57,$10.71,$7.89,$23.67,$25.32,HDW
Pull Switch Brass 3 Speed,,,2,15,5,$2.89,$5.78,$8.59,$17.18,$18.38,ELE
Purdy Nest Bucket Liners 3pk,,,30,14,7,$16.77,$503.10,$25.79,$773.70,$828.00,APP
"Purple Board Drywall 1/2""x4'x8'",,,12,10,3,$21.25,$255.00,$26.92,$323.04,$345.60,LUM
Purple Primer CPVC/PVC 8oz,,,3,15,5,$6.32,$18.96,$8.79,$26.37,$28.23,PLU
Push Button Latch Black,,,7,15,5,$8.82,$61.74,$17.99,$125.93,$134.75,HDW
Push Button Latch White,,,1,15,5,$8.60,$8.60,$18.99,$18.99,$20.32,HDW
Push In Wire Connector 4 Port 10pk,,,28,20,10,$4.26,$119.28,$5.19,$145.32,$155.40,ELE
PushGard Wire Connector 2 way 10pk,,,5,20,10,$1.66,$8.30,$3.59,$17.95,$19.20,ELE
PVA Primer 1gal,,,0,10,5,$10.05,$0.00,$18.99,$0.00,$0.00,PNT
"PVC 45 Elbow 2""",,,6,15,5,$2.58,$15.48,$3.19,$19.14,$20.46,PLU
"PVC 90 Elbow 2""",,,6,15,5,$2.88,$17.28,$3.49,$20.94,$22.38,PLU
PVC Cement Heavy Duty Clear 8oz,,,2,15,5,$7.18,$14.36,$9.98,$19.96,$21.36,PLU
"PVC Coupling 2""",,,8,15,5,$1.40,$11.20,$1.99,$15.92,$15.92,PLU
"PVC Quarter Round 3/4x3/4""x8'",,,0,15,5,$8.73,$0.00,$10.73,$0.00,$0.00,PLU
Quart Container Lid Multimix,,,5,15,5,$0.28,$1.40,$1.39,$6.95,$7.45,PNT
Quart Container Multimix,,,9,15,5,$0.50,$4.50,$2.59,$23.31,$24.93,PNT
"Quarter Round Moulding 1/2x1/2""x8'",,,5,15,5,$3.98,$19.90,$6.28,$31.40,$33.60,LUM
Quick Set Lite 45 ProForm,,,7,15,5,$4.50,$31.50,$11.48,$80.36,$85.96,HDW
Quick Set Lite 5 Proform,,,0,15,5,$3.50,$0.00,$11.86,$0.00,$0.00,HDW
Quick Set Lite 5 Profrom,,,9,15,5,$3.50,$31.50,$11.86,$106.74,$114.21,HDW
Quick Setting Cement Quikrete 10lb,,,7,15,5,$7.65,$45.90,$13.99,$97.93,$104.79,HDW
Rags in a Box 200ct,,,5,15,5,$9.48,$47.40,$15.99,$79.95,$85.55,HDW
Rain X All Season 1gal,,,23,15,7,$4.97,$114.31,$8.19,$188.37,$201.48,GDN
Rat Trap Victor 1pk,,,10,15,3,$1.63,$16.30,$3.59,$35.90,$38.40,PLU
Ratchet Straps 16' 2pk,,,0,20,10,$13.48,$0.00,$19.99,$0.00,$0.00,TOL
"Recip Saw Blade 6"" Wood Nails Lenox",,,75,50,25,$1.79,$134.25,$2.99,$224.25,$240.00,TOL
"Recip Saw Blades 9"" 5pk Lenox Demo",,,1,10,3,$13.02,$13.02,$24.99,$24.99,$26.74,TOL
"Recip Saw Blades 9"" 5pk Wood and Nails",,,6,20,10,$18.57,$111.42,$24.87,$149.22,$159.66,TOL
"Red Pex 1/2"" by the foot",,,100,100,50,$0.50,$50.00,$0.75,$75.00,$80.00,PLU
"Red Pex 1/2""x10'",,,11,15,5,$3.78,$41.58,$5.12,$56.32,$60.28,PLU
"Reducing Coupling 3/4x1/2"" SharkBite",,,4,15,5,$7.01,$28.04,$11.99,$47.96,$51.32,PLU
Reliant Single Metal Lever Handle,,,0,10,3,$23.93,$0.00,$28.93,$0.00,$0.00,HDW
Replacement Broan Nutone Wall Control Switch,,,0,5,2,$67.78,$0.00,$77.78,$0.00,$0.00,ELE
Resolve Pet Expert Rug Cleaner 22oz,,,6,15,5,$5.31,$31.86,$8.59,$51.54,$55.14,APP
Respirator Mask 3M L,,,3,10,3,$28.08,$84.24,$37.99,$113.97,$121.95,HDW
Reusable Latex Cleaning Gloves 2 Pair,,,1,15,5,$4.00,$4.00,$7.79,$7.79,$8.34,APP
Rev a Shelf Lazy Suzan Parts,,,0,5,2,$86.36,$0.00,$94.36,$0.00,$0.00,HDW
Rheem 40gal Electric Water Heater,,,2,2,2,$350.10,$700.20,$399.99,$799.98,$855.98,PLU
Rip Resistant Nitril Gloves Black XL 100ct,,,11,10,5,$13.40,$147.40,$19.99,$219.89,$235.29,APP
Roach Killing Syringe Combat Max 2.1oz,,,9,15,5,$8.15,$73.35,$11.99,$107.91,$115.47,HDW
Rock Salt 50lb Vaporizer,,,105,70,35,$9.00,$945.00,$12.99,$1363.95,$1459.50,GDN
"Roof Nails w/ Washer Galvanized 1 3/4"" 1lb",,,12,20,10,$5.03,$60.36,$9.99,$119.88,$128.28,HDW
"Roofing Nails Galvanized 1 3/4"" 1lb",,,10,20,10,$2.18,$21.80,$6.59,$65.90,$70.50,HDW
Round Ceiling Box Nail On,,,7,20,10,$2.11,$14.77,$4.99,$34.93,$37.38,HDW
"Round Duct Pipe 4x60""",,,3,10,5,$10.40,$31.20,$15.98,$47.94,$51.30,PLU
Rubber Gloves Large Soft Scrub 1pair,,,20,15,6,$2.11,$42.20,$4.59,$91.80,$98.20,APP
Rust-Oleum Semi Gloss Protective Enamel Black,,,0,15,5,$6.06,$0.00,$8.59,$0.00,$0.00,PNT
Rust-Oleum Spray Primer,,,4,15,5,$6.72,$26.88,$10.99,$43.96,$47.04,PNT
Ryobi Battery 2Ah,,,0,5,2,$72.98,$0.00,$82.98,$0.00,$0.00,ELE
Safe Step 7300 50lb,,,0,10,3,$26.10,$0.00,$35.99,$0.00,$0.00,HDW
Safety Glasses Clear,,,7,15,5,$3.98,$27.86,$4.98,$34.86,$37.31,APP
"Safety Hasp 4 1/2""",,,4,15,5,$2.85,$11.40,$7.99,$31.96,$34.20,HDW
"Sanding Belt 50 Grit 3x18""",,,1,20,10,$4.65,$4.65,$11.99,$11.99,$12.83,PNT
"Sanding Belt 80 Grit 3x18""",,,2,20,10,$6.73,$13.46,$11.99,$23.98,$25.66,PNT
Sanding Block 80 Grit,,,6,20,10,$3.93,$23.58,$5.98,$35.88,$38.40,PNT
"Sanding Disc 5"" 120 Grit 15pk",,,3,20,10,$4.45,$13.35,$12.99,$38.97,$41.70,PNT
"Sanding Disc 5"" 220 Grit 15pk",,,1,20,10,$4.43,$4.43,$12.99,$12.99,$13.90,PNT
"Sanding Disc 5"" 80 Grit 15pk",,,3,20,10,$8.23,$24.69,$10.98,$32.94,$35.25,PNT
Sanding Sponge 180 Grit,,,6,20,10,$4.29,$25.74,$5.29,$31.74,$33.96,PNT
Sanding Sponge 220 Grit,,,4,20,10,$1.38,$5.52,$6.47,$25.88,$27.68,PNT
Sanding Sponge 60 Grit,,,7,20,10,$4.31,$30.17,$5.40,$37.80,$40.46,PNT
Sanding Sponge Ultra Flex 180 Grit 2pk,,,1,20,10,$1.07,$1.07,$3.99,$3.99,$4.27,PNT
Sanding Sponge Variety 3pk,,,0,20,10,$3.61,$0.00,$9.99,$0.00,$0.00,PNT
Sash and Balance End Guide Kit,,,0,10,5,$10.80,$0.00,$12.99,$0.00,$0.00,HDW
"Sawzall Blade 12"" Pruning",,,3,15,5,$4.89,$14.67,$13.99,$41.97,$44.91,TOL
"SB Coupling 1/2""",,,16,15,5,$8.42,$134.72,$10.36,$165.76,$177.44,PLU
Schlage Coded Locks RR Master Keyed,,,1,2,2,$108.90,$108.90,$149.99,$149.99,$160.49,HDW
Schlage Deadbolt Satin Nickel,,,0,10,3,$28.00,$0.00,$37.99,$0.00,$0.00,PNT
Schlage Keypad Entry Lock,,,2,5,2,$95.35,$190.70,$119.99,$239.98,$256.78,HDW
Schlage Lock Security Set,,,3,5,3,$35.30,$105.90,$49.99,$149.97,$160.47,HDW
Schlage Privacy Knob Bed & Bath,,,6,10,5,$14.00,$84.00,$23.97,$143.82,$153.90,HDW
Schlage Project Pack Keyed RR Master,,,6,5,2,$81.66,$489.96,$109.99,$659.94,$706.14,HDW
Schlage SC-1 Key,,,178,118,59,$0.40,$71.20,$3.87,$688.86,$736.92,HDW
Schlage SC-10 Key,,,31,20,10,$0.45,$13.95,$3.98,$123.38,$132.06,HDW
Schlage SC-15 Key,,,30,20,10,$0.48,$14.40,$3.98,$119.40,$127.80,HDW
Schlage SC-16 Key,,,49,32,16,$1.48,$72.52,$3.98,$195.02,$208.74,HDW
Schlage SC-19 Key,,,22,15,7,$0.81,$17.82,$3.99,$87.78,$93.94,HDW
Schlage SC-20 Key,,,30,20,10,$0.94,$28.20,$3.98,$119.40,$127.80,HDW
Schlage SC-21 Key,,,29,18,9,$0.59,$17.11,$3.98,$115.42,$123.54,HDW
Schlage SC-22 Key,,,10,15,5,$0.49,$4.90,$3.98,$39.80,$42.60,HDW
Schlage SC-24 Key,,,31,20,10,$0.84,$26.04,$3.98,$123.38,$132.06,HDW
Schlage SC-4 Key,,,48,32,16,$0.46,$22.08,$3.98,$191.04,$204.48,HDW
Schlage SC-8 Key,,,26,16,8,$0.51,$13.26,$3.98,$103.48,$110.76,HDW
Schlage SC-9 Key,,,30,20,10,$0.51,$15.30,$3.98,$119.40,$127.80,HDW
"Screen Fiber 48x84"" CHAR",,,10,15,5,$3.57,$35.70,$12.99,$129.90,$139.00,APP
"Screen Frame Kit 48x48""",,,0,10,5,$12.60,$0.00,$22.99,$0.00,$0.00,APP
Screen Frame Kit Square Cut,,,0,15,5,$8.23,$0.00,$14.99,$0.00,$0.00,APP
"Screen Kit 60"" White",,,3,10,5,$13.27,$39.81,$21.98,$65.94,$70.56,APP
Screen Kit Adjustable Bronze,,,4,10,5,$12.50,$50.00,$38.88,$155.52,$166.40,APP
"Screen Spline Black 0.140""x25'",,,12,15,5,$3.32,$39.84,$6.49,$77.88,$83.28,APP
Screen Spline Roller,,,0,15,5,$3.16,$0.00,$6.99,$0.00,$0.00,PNT
Screw Ground Green 12pk,,,6,20,10,$0.88,$5.28,$2.99,$17.94,$19.20,HDW
Scrub Mommy Duel Sponge,,,6,15,5,$2.88,$17.28,$4.59,$27.54,$29.46,APP
Scrubbing Bubble Foam Bleach 32oz,,,0,15,5,$3.74,$0.00,$5.99,$0.00,$0.00,APP
"SDS Drill Bit 5/32x6""",,,2,15,5,$5.38,$10.76,$8.29,$16.58,$16.58,TOL
Seal n Peel DAP,,,12,15,5,$6.55,$78.60,$8.99,$107.88,$115.44,PNT
"Seam Binder 2-1/2x36"" Gray",,,4,10,5,$11.38,$45.52,$15.97,$63.88,$68.36,HDW
Security Bit Set 33 Piece,,,4,15,5,$8.67,$34.68,$19.99,$79.96,$85.56,TOL
Security Flood Light,,,3,5,3,$30.53,$91.59,$39.89,$119.67,$128.04,ELE
Sediment Buster,,,0,5,3,$39.99,$0.00,$49.99,$0.00,$0.00,HDW
"Self Drilling Toggle Bolts 2 1/2"" #8",,,4,15,5,$6.50,$26.00,$15.99,$63.96,$68.44,TOL
Self Latching Gate Latch Black,,,3,15,5,$3.79,$11.37,$6.79,$20.37,$21.81,HDW
Self Locking Gate Latch Gravity Lever,,,0,10,3,$18.69,$0.00,$26.99,$0.00,$0.00,HDW
"Self Tapping Screws #8x1/2"" 100ct",,,1,20,10,$7.48,$7.48,$9.97,$9.97,$10.67,HDW
"Service Entrance Staples Wood 3/4""",,,4,20,10,$1.19,$4.76,$3.59,$14.36,$15.36,ELE
Shallow Box Wall OW,,,4,15,5,$4.22,$16.88,$7.59,$30.36,$32.48,HDW
Shark Tooth Box Cutter,,,4,15,5,$5.49,$21.96,$8.99,$35.96,$38.48,TOL
"SharkBite 1/2x1/2"" 90 Elbow",,,8,15,5,$7.16,$57.28,$10.89,$87.12,$93.20,PLU
"SharkBite Cap 1/2""",,,7,15,5,$6.14,$42.98,$9.79,$68.53,$73.36,PLU
"SharkBite Coupling 1/2"" 4pk",,,0,10,3,$18.61,$0.00,$31.99,$0.00,$0.00,PLU
"SharkBite Disconnect Clip 1/2""",,,3,15,5,$1.31,$3.93,$2.99,$8.97,$9.60,PLU
"SharkBite Elbow 3/4""",,,2,15,5,$7.43,$14.86,$13.99,$27.98,$29.94,PLU
"SharkBite Tee 1/2x1/2x1/2""",,,3,15,5,$8.07,$24.21,$14.99,$44.97,$48.12,PLU
"SharkBite Tee 3/4""",,,2,10,5,$10.32,$20.64,$17.99,$35.98,$38.50,PLU
"Sherlock Roller Frame 14""",,,4,10,5,$11.23,$44.92,$16.99,$67.96,$72.72,PNT
"Sherlock Roller Frame 9""",,,0,15,5,$5.76,$0.00,$11.99,$0.00,$0.00,PNT
Shoe Guard 3pk,,,5,15,3,$3.79,$18.95,$6.79,$33.95,$36.35,HDW
Short Gas Water Heater Rheem 40gal,,,4,2,2,$576.84,$2307.35,$609.99,$2439.96,$2610.76,PLU
Shower Guard White Plastic Danco,,,16,15,5,$3.17,$50.72,$9.59,$153.44,$164.16,HDW
"Shower Head 7"" Round Chrome",,,1,10,5,$10.60,$10.60,$14.99,$14.99,$16.04,HDW
Shower Head Chrome Glacier Bay,,,3,15,5,$9.28,$27.84,$12.98,$38.94,$41.67,HDW
Shower Head Round Chrome,,,4,15,5,$6.52,$26.08,$17.99,$71.96,$77.00,HDW
Shower Liner Clear Light Weight,,,2,15,5,$2.77,$5.54,$5.99,$11.98,$12.82,HDW
Shower Rings Chrome,,,2,15,5,$5.37,$10.74,$9.99,$19.98,$21.38,HDW
"Shower Rod 60""",,,3,15,5,$7.47,$22.41,$19.99,$59.97,$64.17,HDW
"Shower Rod Tension White 72""",,,5,15,5,$8.65,$43.25,$19.98,$99.90,$106.90,HDW
Side Mount Faucet Chrome,,,0,5,2,$55.19,$0.00,$68.19,$0.00,$0.00,PLU
Silcone Glue Clear GE,,,7,15,5,$4.06,$28.42,$7.99,$55.93,$59.85,PNT
Silicone Max Windows & Doors Clear,,,18,20,10,$7.55,$135.90,$18.07,$325.26,$347.94,PNT
Silicone Max Windows & Doors DAP,,,12,20,10,$6.80,$81.60,$15.99,$191.88,$205.32,PNT
Simple Green Cleaner Lemon 32oz,,,11,15,5,$3.32,$36.49,$7.22,$79.42,$85.03,APP
"Simpson Connector Screws #9x1.5"" 100pk",,,7,20,10,$7.69,$53.83,$16.99,$118.93,$127.26,HDW
SINGLE Max Catch Non Toxic Sticky Traps,,,124,82,41,$0.38,$47.12,$0.89,$110.36,$117.80,PLU
"Slip Coupling 1/2"" SharkBite",,,4,10,5,$11.36,$45.44,$15.99,$63.96,$68.44,PLU
"Slip Coupling 3/4x3/4"" SharkBite",,,2,10,5,$13.39,$26.78,$19.99,$39.98,$42.78,PLU
"Slip Join Washer 1-1/2""",,,0,20,10,$1.09,$0.00,$6.99,$0.00,$0.00,HDW
Slip Joint and Reducing Washer Assortment Pack,,,4,20,10,$2.83,$11.32,$3.99,$15.96,$17.08,HDW
"Slip Joint Washer 1 1/2"" 5pk",,,2,20,10,$2.39,$4.78,$6.59,$13.18,$14.10,HDW
"Slip Joint Washer 1 1/4""",,,2,20,10,$0.27,$0.54,$0.79,$1.58,$1.70,HDW
Small Exterior Wall Lantern,,,3,10,5,$13.82,$41.46,$21.89,$65.67,$70.26,ELE
Small Scrub Brush,,,7,15,5,$3.98,$27.86,$5.98,$41.86,$44.80,PNT
Smoke Alarm 10Y Battery,,,41,20,10,$21.75,$891.75,$32.47,$1331.27,$1424.34,ELE
Smoke Alarm Battery Op,,,0,10,5,$11.45,$0.00,$17.99,$0.00,$0.00,ELE
Smoke Alarm BRK Battery Op,,,0,10,5,$11.85,$0.00,$16.99,$0.00,$0.00,ELE
Smoke Alarm Hardwired 10yr Backup,,,18,10,4,$29.70,$534.60,$46.77,$841.86,$900.72,HDW
Smoke Alarm HW BRK,,,8,10,3,$17.04,$136.32,$25.99,$207.92,$222.48,HDW
Smoke Alarm Kidde Batt Op,,,17,10,5,$10.42,$177.14,$20.99,$356.83,$381.82,HDW
Smoke CO Combo Alarm 10 Yr Batt,,,26,6,6,$42.80,$1112.80,$59.97,$1559.22,$1559.22,HDW
Smoke CO Combo Innolink 2pk,,,0,5,3,$44.99,$0.00,$69.99,$0.00,$0.00,HDW
Smoke Detectors 6pk BRK HW,,,2,5,3,$52.84,$105.68,$79.99,$159.98,$171.18,ELE
Smoke/CO Combo Alarm Battery,,,7,5,3,$36.48,$255.36,$49.97,$349.79,$374.29,ELE
Smoke/CO Combo Alarm HW,,,13,5,3,$42.29,$549.77,$59.99,$779.87,$834.47,HDW
"Snap Tiite Connectors 3/4"" 2pk",,,20,20,10,$2.13,$42.60,$3.88,$77.60,$83.00,HDW
"Snaptite 3/8"" Connector 10pk",,,5,20,10,$3.62,$18.10,$8.79,$43.95,$47.05,HDW
"Snow Shovel 18""",,,7,15,5,$8.90,$62.30,$10.99,$76.93,$82.32,TOL
Sock Spray Hood,,,1,15,5,$0.80,$0.80,$4.59,$4.59,$4.91,APP
SOS Steel Wool Pads 18pk,,,3,15,3,$3.88,$11.64,$5.99,$17.97,$19.23,HDW
"Space Heater Ceramic 9""",,,22,10,5,$24.99,$549.78,$33.99,$747.78,$800.14,APP
Spacer Non Metalic 24pk,,,1,15,3,$6.87,$6.87,$9.99,$9.99,$10.69,HDW
Spade Bit Set 8pc Milwaukee,,,2,10,3,$20.99,$20.99,$27.99,$55.98,$59.90,TOL
Speedhide Pro EV Zero Flat White,,,0,10,3,$19.58,$0.00,$24.99,$0.00,$0.00,PNT
Spider and Ant Killer Spray 1lb,,,3,15,5,$3.25,$9.75,$8.99,$26.97,$28.86,GDN
"Spiral Tilt Balance 9/16"" RED 32""",,,0,10,5,$13.40,$0.00,$17.40,$0.00,$0.00,HDW
Sponge Heavy Duty QEP,,,0,15,5,$1.54,$0.00,$3.99,$0.00,$0.00,APP
Spray Bottle 32oz,,,8,15,5,$3.20,$25.60,$5.99,$47.92,$51.28,HDW
Spray Grip Accessory,,,4,15,5,$5.83,$23.32,$7.99,$31.96,$34.20,HDW
Sprayer and Hose Kit Delta Chrome,,,1,5,3,$35.36,$35.36,$41.99,$41.99,$44.93,PNT
Sprayer Lever Handgun,,,1,15,5,$5.91,$5.91,$12.99,$12.99,$13.90,PNT
Stain & Odor Remover Nature's Miracle,,,7,15,5,$5.72,$40.04,$13.99,$97.93,$104.79,PNT
"Stain Brush 2"" Linzer",,,3,15,5,$7.49,$22.47,$10.99,$32.97,$35.28,PNT
Stainless Steel Cleaner Polisher 17oz,,,2,15,5,$4.63,$9.26,$8.59,$17.18,$18.38,PNT
Stainless Steel Scrub Pads 3pk,,,7,15,3,$1.82,$12.74,$3.99,$27.93,$29.89,PNT
"Stanley Razor Scraper 1-1/2""",,,2,15,5,$3.86,$7.72,$5.49,$10.98,$11.74,PNT
"Staple 1/2"" NM Wire 50pk",,,5,20,10,$0.77,$3.85,$4.99,$24.95,$26.70,ELE
"Staple 1/2"" T-50 1250pk",,,3,20,10,$3.98,$11.94,$6.59,$19.77,$21.15,ELE
"Staple 3/8"" T-50 1250pk",,,1,20,10,$1.87,$1.87,$6.59,$6.59,$7.05,ELE
"Staples Insulated Metal 1/2"" 25pk",,,11,20,10,$0.71,$7.81,$2.39,$26.29,$28.16,ELE
"Staples NM Cable Wood 3/4"" 10pk",,,11,20,10,$1.35,$14.85,$2.99,$32.89,$35.20,ELE
Stay Put Dropcloth 9x12,,,14,15,5,$7.89,$86.79,$12.98,$181.72,$194.46,PNT
"Steal Door Hinge 4"" 3pk",,,0,15,3,$6.77,$-6.77,$14.99,$0.00,$0.00,HDW
Steel Wire Brush,,,3,15,5,$2.10,$6.30,$6.79,$20.37,$21.81,ELE
Steel Wool #0 Fine 12pk,,,0,15,3,$1.02,$0.00,$4.59,$0.00,$0.00,HDW
Steel Wool #0000 Super Fine 12pk,,,0,15,3,$0.99,$0.00,$4.59,$0.00,$0.00,HDW
Steel Wool #3 Coarse 12pk,,,0,15,3,$1.02,$0.00,$4.59,$0.00,$0.00,HDW
Steel Wool Fine #0 12pk,,,8,15,3,$1.15,$9.20,$6.99,$55.92,$59.84,HDW
Sterling Deluxe Shower Door,,,0,2,2,$331.64,$0.00,$348.22,$0.00,$0.00,APP
Storeroom Lever Handle,,,3,10,3,$25.23,$75.69,$34.97,$104.91,$112.26,HDW
Storm Door Chain Replacement,,,4,15,5,$4.68,$18.72,$13.99,$55.96,$59.88,HDW
Storm Door Closer Heavy Duty Black,,,4,10,3,$15.52,$62.08,$29.99,$119.96,$119.96,APP
Storm Door Closer Standard Duty Black,,,5,15,5,$7.99,$39.95,$13.99,$69.95,$74.85,APP
"Straight Coupling 3/4"" SharkBite",,,1,15,5,$6.71,$6.71,$9.99,$9.99,$10.69,PLU
"Straight Coupling Barb 1/2x1/2""",,,8,15,5,$1.01,$8.08,$3.59,$28.72,$30.72,PLU
Straight Stop 1/2 Press x 3/8 COMP 5pk,,,0,5,3,$51.38,$0.00,$63.38,$0.00,$0.00,PLU
Straight Stop 1/2FIPx3/8COM,,,14,15,5,$6.54,$91.56,$14.99,$209.86,$224.56,HDW
"Straight Stop 1/4 Turn SharBite 1/2""x1/4"" OD",,,0,15,5,$9.59,$0.00,$11.99,$0.00,$0.00,HDW
"Straight Valve 1/2"" SB x 1/2"" MIP",,,5,10,5,$10.99,$54.95,$13.23,$66.15,$70.80,PLU
Straight Valve 1/2COMx3/8OD COM,,,0,15,5,$5.10,$0.00,$11.99,$0.00,$0.00,PLU
"Straight Valve SharkBite 1/2x3/8""COM",,,6,15,5,$6.05,$36.30,$13.59,$81.54,$87.24,PLU
Streak Free Glass Cleaner Zep 1gal,,,3,15,5,$5.79,$17.37,$9.99,$29.97,$32.07,APP
"Structural Screws #10x3 1/8"" 236pk",,,1,10,10,$92.04,$92.04,$119.99,$119.99,$128.39,HDW
Super Glue Gel Gorilla,,,1,15,5,$2.06,$2.06,$3.99,$3.99,$4.27,PNT
Super Paint Satin LFG 1gal,,,8,5,3,$31.25,$250.00,$37.99,$303.92,$325.20,PNT
"Supply Line 1/2"" FIP 3/8"" Comp x 12""",,,7,15,5,$1.00,$7.00,$6.19,$43.33,$46.34,PLU
"Supply Line 1/2"" FIP 3/8"" COMP x 16""",,,18,15,6,$1.43,$25.74,$7.59,$136.62,$146.16,PLU
"Supply Line 1/2"" FIP 3/8"" COMP x 20""",,,5,15,5,$0.73,$3.65,$9.59,$47.95,$51.30,PLU
"Supply Line 1/2"" FIP 3/8"" COMP x 30""",,,7,15,5,$4.79,$33.53,$12.99,$90.93,$97.30,PLU
Suspend PolyZone Insecticide 16oz,,,2,5,2,$67.82,$135.64,$79.89,$159.78,$170.96,GDN
Swiffer Dry Sweeping Cloths Refill,,,3,15,5,$4.81,$14.43,$7.99,$23.97,$25.65,APP
Swiffer Dusters Kit,,,3,15,5,$4.75,$14.25,$9.99,$29.97,$32.07,HDW
Swiffer Wet Jet Pads 15pk,,,3,15,3,$9.16,$27.48,$11.99,$35.97,$38.49,HDW
Swiffer Wet Jet Refill 42.2 oz,,,1,15,5,$5.43,$5.43,$7.19,$7.19,$7.69,HDW
Switch Box PVC Old Work 18 CU IN,,,0,15,5,$3.92,$0.00,$7.99,$0.00,$0.00,PLU
Switch QT 3 Way 15A White,,,9,15,5,$1.44,$12.96,$3.59,$32.31,$34.56,ELE
Switch QT White 15A 120/277V,,,10,15,5,$1.70,$17.00,$2.99,$29.90,$32.00,ELE
Switch SP 15A White,,,3,15,5,$0.87,$2.61,$1.39,$4.17,$4.47,ELE
"T Fitting 3/8x3/8x1/4"" COMP",,,5,15,5,$3.99,$19.95,$5.99,$29.95,$32.05,PLU
"T&P Valve 3/4x3-1/4"" Shank",,,31,20,10,$13.48,$417.88,$20.99,$650.69,$696.26,PLU
Taco 500 Series Panic Exit Device,,,0,2,2,$103.11,$0.00,$153.98,$0.00,$0.00,HDW
Tail Light Assembly Chevy Express,,,0,5,3,$45.98,$0.00,$55.98,$0.00,$0.00,HDW
Tall Gas Water Heater Rheem 40gal,,,4,2,2,$547.95,$2191.79,$579.99,$2319.96,$2482.36,PLU
Tank Bolt Set Heavy Duty,,,5,15,5,$1.26,$6.30,$5.99,$29.95,$32.05,HDW
Tank to Bowl Gasket Kit,,,2,15,5,$5.48,$10.96,$8.99,$17.98,$19.24,HDW
"Tank to Bowl Gasket Kit 2"" Everbilt",,,7,15,5,$2.70,$18.90,$13.99,$97.93,$104.79,HDW
"Tank to Bowl Gasket Kit 3""",,,2,15,5,$6.16,$12.32,$9.59,$19.18,$20.52,HDW
Tank to Bowl Gasket Kit Mansfield,,,0,15,5,$3.38,$0.00,$14.99,$0.00,$0.00,HDW
"Tapcon 1/4 x 4"" Concrete Anchors 25pk",,,1,10,3,$15.76,$15.76,$21.99,$21.99,$23.53,HDW
"Tapcon Drill Bit 5/32x4.5""",,,3,15,5,$2.67,$8.01,$7.59,$22.77,$24.36,TOL
"Tapcons 3/16x1 1/4"" 75pk",,,5,10,3,$10.04,$50.20,$19.99,$99.95,$106.95,HDW
"Tapcons 3/16x1 1/4"" 8pk",,,3,15,3,$3.80,$11.40,$6.99,$20.97,$22.44,HDW
"Tapcons 3/16x1 3/4"" 25pk",,,6,15,3,$5.08,$30.48,$10.88,$65.28,$69.84,HDW
"Tapcons 3/16x2 3/4"" 25pk",,,3,15,3,$6.02,$18.06,$12.47,$37.41,$40.02,HDW
"Tee 1/2"" Barb Brass",,,49,32,16,$2.48,$121.52,$6.99,$342.51,$366.52,PLU
"Tee 1/2"" Copper Sweat 10pk",,,1,15,3,$3.33,$3.33,$9.99,$9.99,$10.69,PLU
"Tee 1/2"" Press 10pk",,,0,5,3,$34.84,$0.00,$39.99,$0.00,$0.00,PLU
Terry Towels 12pk,,,13,15,3,$7.59,$91.08,$11.99,$155.87,$166.79,HDW
Thermal Expansion Tank 2gal,,,4,10,3,$26.89,$107.56,$32.89,$131.56,$140.76,HDW
"Thermocouple 18"" Resideo",,,3,15,5,$5.75,$17.25,$14.99,$44.97,$48.12,HDW
"Thermocouple 24"" Eastman",,,3,15,5,$3.49,$10.47,$11.99,$35.97,$38.49,HDW
Thermostat Digital Heat and AC,,,6,10,3,$26.95,$161.70,$32.25,$193.50,$207.06,ELE
Thermostat Heat Only,,,2,10,5,$14.28,$28.56,$22.99,$45.98,$49.20,ELE
Thermostat Heat Only Honeywell,,,6,10,3,$18.58,$111.48,$24.99,$149.94,$160.44,ELE
"Thread Tee Brass 3/4"" FPT",,,2,10,5,$10.16,$20.32,$14.99,$29.98,$32.08,PLU
Tire Plug Kit Slime,,,1,15,5,$4.06,$4.06,$9.99,$9.99,$10.69,HDW
Titan Pro Run Capacitor,,,2,10,5,$11.21,$22.42,$16.21,$32.42,$34.68,HDW
Titanium Drill Bit Set 21pc,,,3,10,3,$15.12,$45.36,$29.97,$89.91,$96.21,TOL
"Titanium Impact Drill Bit 1/2""",,,5,10,5,$10.60,$53.00,$19.99,$99.95,$106.95,TOL
"Titanium Impact Drill Bit 1/4""",,,4,15,5,$1.98,$7.92,$8.49,$33.96,$36.32,TOL
"Titanium Impact Drill Bit 3/16""",,,1,15,5,$1.48,$1.48,$7.99,$7.99,$8.55,TOL
"Titanium Impact Drill Bit 3/32"" 2pk",,,4,15,3,$1.74,$6.96,$7.99,$31.96,$34.20,TOL
"Titanium Impact Drill Bit 3/8""",,,4,15,5,$6.05,$24.20,$17.99,$71.96,$77.00,TOL
"Titanium Impact Drill Bit 5/16""",,,3,15,5,$3.99,$11.97,$13.99,$41.97,$44.91,TOL
Titanium Impact Drill Bit Set 23pc,,,3,10,3,$23.98,$71.94,$44.97,$134.91,$144.36,TOL
Tite Foam Loctite Big Gaps 12oz,,,8,15,5,$6.20,$49.60,$9.99,$79.92,$85.52,APP
"Toggle Bolt 1/8x2"" 15pk",,,3,15,3,$2.55,$7.65,$7.99,$23.97,$25.65,HDW
"Toggle Bolt 3/16x3"" 10pk",,,3,15,3,$2.50,$7.50,$7.99,$23.97,$25.65,HDW
Toggle Switch Cover 4SQ Exp,,,4,15,5,$1.38,$5.52,$3.99,$15.96,$17.08,ELE
Toggler Dimmer Switch LutronWhite,,,4,10,3,$20.00,$80.00,$27.99,$111.96,$119.80,ELE
Toilet Bolt Set PlumbPak,,,0,15,5,$3.64,$0.00,$7.99,$0.00,$0.00,PLU
"Toilet Bolt Set PlumPak 1/4""",,,3,15,5,$1.80,$5.40,$4.69,$14.07,$15.06,PLU
Toilet Bowl Brush Clear,,,1,15,5,$7.45,$7.45,$13.99,$13.99,$14.97,PLU
"Toilet Connection Kit SharkBite 1/2""",,,1,10,3,$15.09,$15.09,$22.99,$22.99,$24.60,PLU
Toilet Fill Valve 400A 3pk,,,0,10,3,$19.25,$0.00,$23.99,$0.00,$0.00,PLU
Toilet Fill Valve Universal,,,10,15,5,$6.62,$66.20,$10.99,$109.90,$117.60,PLU
Toilet Fill Valve Universal Fluidmaster,,,1,15,5,$9.29,$9.29,$18.99,$18.99,$20.32,PLU
"Toilet Flange Ring PVC 4""",,,4,15,5,$1.85,$7.40,$5.99,$23.96,$25.64,PLU
Toilet Gasket No Seep #10,,,0,15,5,$5.85,$0.00,$8.99,$0.00,$0.00,PLU
Toilet Gasket Waxless Seal,,,1,15,5,$9.43,$9.43,$15.99,$15.99,$17.11,PLU
Toilet Glacier Bay 1.28 GPF Elongated,,,2,2,2,$103.55,$207.10,$129.99,$259.98,$278.18,PLU
Toilet Paper Holder Brushed Nickel,,,3,15,5,$8.12,$24.36,$11.59,$34.77,$37.20,PLU
Toilet Paper Holder Chrome,,,0,15,5,$5.34,$0.00,$15.99,$0.00,$0.00,PLU
Toilet Paper Holder Replacement,,,4,15,5,$1.26,$5.04,$3.59,$14.36,$15.36,PLU
Toilet Paper Scott Case of 80,,,1,5,2,$64.00,$64.00,$73.98,$73.98,$79.16,PLU
Toilet Seat Elongated White,,,5,10,5,$10.99,$54.95,$20.89,$104.45,$111.75,PLU
Toilet Seat Hinge Bolt Set,,,0,15,5,$1.75,$0.00,$3.99,$0.00,$0.00,PLU
Toilet Seat Round White,,,5,10,5,$13.83,$69.15,$18.97,$94.85,$101.50,PLU
Toilet Shims Plastic 4pk,,,10,15,3,$0.79,$7.90,$3.49,$34.90,$37.30,PLU
"Toilet Supply Line 3/8CMP7/8BC12""",,,9,15,5,$2.65,$23.85,$8.07,$72.63,$77.67,PLU
"Toilet Supply Line 3/8CMP7/8BC16""",,,8,15,5,$3.03,$24.24,$8.59,$68.72,$73.52,PLU
Toilet Tank Bolt Set,,,5,15,5,$2.02,$10.10,$4.99,$24.95,$26.70,PLU
Tomcat Attractant Gel 1oz,,,13,15,5,$2.63,$34.19,$7.59,$98.67,$105.56,HDW
Tomcat Bait Station Rat and Mouse,,,30,20,10,$12.69,$380.70,$17.99,$539.70,$577.50,HDW
Tomcat Mouse Bait Station 1pk,,,8,15,3,$5.16,$41.28,$6.97,$55.76,$59.68,HDW
Tomcat Rat Snap Trap,,,23,15,7,$3.53,$81.19,$8.59,$197.57,$211.37,PLU
Tonado Twist Mop Microfiber,,,2,10,5,$10.24,$20.48,$15.99,$31.98,$34.22,APP
Tork Paper Towel Rolls 6pk,,,4,5,3,$50.83,$203.32,$61.98,$247.92,$265.28,HDW
Tornado Mop Refill 1pk,,,9,15,3,$1.00,$9.00,$9.99,$89.91,$96.21,APP
Toter Garbage Can Black 32gal,,,9,5,2,$67.47,$607.23,$84.98,$764.82,$818.37,APP
Toter Recycle Can 32gal,,,3,2,2,$106.20,$318.60,$124.99,$374.97,$401.22,HDW
"Towel Bar 18"" Brushed Nickel",,,2,10,3,$21.49,$42.98,$34.99,$69.98,$74.88,PNT
"Towel Bar 18"" Chrome",,,1,15,5,$7.45,$7.45,$19.99,$19.99,$21.39,HDW
"Towel Bar 24"" Brushed Nickel",,,2,10,3,$21.54,$43.08,$39.99,$79.98,$85.58,PNT
"Towel Bar 24"" Chrome",,,2,15,5,$9.01,$18.02,$19.99,$39.98,$42.78,HDW
Traingular Sanding Paper 6 pk 240 Grit,,,0,20,10,$4.41,$0.00,$5.99,$0.00,$0.00,PNT
Trash Bags 13gal Drawstring 80pk,,,1,15,3,$9.43,$9.43,$24.99,$24.99,$26.74,APP
Trash Bags Heavy Duty 33gal 50ct,,,4,10,5,$14.97,$59.88,$19.99,$79.96,$85.56,APP
Trash Bags Tall 13gal 50ct,,,8,15,5,$9.43,$75.44,$12.99,$103.92,$111.20,APP
Trilancer Cinch Straps,,,0,20,10,$9.98,$0.00,$12.99,$0.00,$0.00,HDW
"Trim Roller 3"" 3/8 Nap 2pk Linzer",,,4,15,3,$1.53,$6.12,$4.59,$18.36,$19.64,PNT
"Trim Roller 3"" 3/8 Nap 2pk Wooster",,,3,15,3,$2.05,$6.15,$6.99,$20.97,$22.44,PNT
Trimmer Head Weed Wacker,,,2,10,3,$27.60,$55.20,$34.99,$69.98,$74.88,GDN
Trimmer Line Milwaukee,,,5,10,3,$19.95,$99.75,$25.99,$129.95,$139.05,TOL
TSP Hard Surface Cleaner 1lb,,,2,15,5,$2.77,$5.54,$7.59,$15.18,$16.24,APP
Tub & Tile Silicone White GE 10.1oz,,,13,20,10,$6.68,$86.84,$12.99,$168.87,$180.70,PNT
Tub & Tile White Loctite,,,0,15,5,$4.34,$0.00,$8.99,$0.00,$0.00,HDW
Tub and Shower Faucet Chrome 2 Handle,,,0,5,3,$38.78,$0.00,$84.99,$0.00,$0.00,PLU
Tub and Shower Faucet Chrome Single Handle,,,0,5,3,$44.02,$0.00,$79.99,$0.00,$0.00,PLU
Tub and Shower Faucet Moen,,,0,2,2,$143.87,$0.00,$164.99,$0.00,$0.00,PLU
Tub and Tile Refinishing Kit Rust-Oleum,,,5,5,3,$34.78,$173.90,$44.99,$224.95,$240.70,PNT
Tub and Tile Refinishing Spray Homax,,,4,5,3,$31.96,$127.84,$42.99,$171.96,$184.00,HDW
"Tub Spout Universal 5"" Chrome",,,6,10,5,$12.19,$73.14,$18.96,$113.76,$121.74,HDW
Tub Spout Universal Chrome Danco,,,5,15,5,$7.30,$36.50,$18.99,$94.95,$101.60,HDW
Tub Surround 60x60 3 Piece American Standard,,,0,2,2,$291.30,$0.00,$295.30,$0.00,$0.00,HDW
"Tube Vinyl 1/2""ID x 5/8""OD By The Foot",,,30,100,50,$0.43,$12.90,$0.79,$23.70,$25.50,APP
Tuf-Tex Wall and Ceiling Texture Sheetrock,,,3,10,3,$15.44,$46.32,$20.07,$60.21,$60.21,HDW
Type S Mortar Mix 80lb,,,2,15,5,$7.98,$15.96,$8.98,$17.96,$19.22,GDN
Tyvek Coveralls Large,,,0,15,5,$6.81,$0.00,$15.99,$0.00,$0.00,APP
Tyvek Coveralls Medium,,,3,15,5,$6.18,$18.54,$15.99,$47.97,$51.33,APP
Tyvek Coveralls XL,,,4,15,5,$6.50,$26.00,$17.99,$71.96,$77.00,APP
Unger Squeegee,,,2,15,5,$7.36,$14.72,$10.49,$20.98,$22.44,HDW
"Universal 2"" Flapper Red",,,14,15,5,$0.69,$9.66,$6.99,$97.86,$104.72,HDW
"Universal 3"" Flapper Red",,,6,15,5,$7.85,$47.10,$15.99,$95.94,$102.66,HDW
Universal Pop Up Drain Chrome,,,4,15,5,$8.05,$32.20,$12.99,$51.96,$55.60,PLU
Universal Premium Flame Sensor,,,2,10,3,$26.52,$53.04,$34.52,$69.04,$73.88,HDW
USG Radar 2x2' Tapered Ceiling Tile,,,12,20,10,$3.76,$45.12,$7.59,$91.08,$97.44,HDW
Utility Blades 5pk,,,0,15,3,$1.67,$0.00,$2.49,$0.00,$0.00,TOL
Utility Tote Bag,,,0,10,3,$19.99,$0.00,$22.99,$0.00,$0.00,HDW
Utility Tub 20gal Kit,,,1,5,2,$81.90,$81.90,$109.99,$109.99,$117.69,HDW
Vacmaster Dust Bags 8-10gal 3pk,,,0,10,3,$10.99,$0.00,$14.99,$0.00,$0.00,HDW
Vacuum Bissell CleanView Compact,,,0,5,2,$63.49,$0.00,$73.49,$0.00,$0.00,HDW
"Valve Adapter 3/8"" BrassCraft",,,6,15,5,$1.00,$6.00,$10.99,$65.94,$70.56,PLU
"Valve Seal 2"" Mansfield",,,6,15,5,$1.06,$6.36,$3.99,$23.94,$25.62,PLU
"Vanity White 24"" Home Decorators",,,0,2,2,$258.24,$0.00,$278.24,$0.00,$0.00,HDW
Vanity White 31x22 Ariel Hepburn,,,0,2,2,$628.65,$0.00,$630.65,$0.00,$0.00,HDW
"Vinyl Blind 1"" White 24x64""",,,3,15,5,$7.12,$21.36,$10.99,$32.97,$35.28,APP
"Vinyl Blind 1"" White 29x64""",,,3,15,5,$8.48,$25.44,$11.99,$35.97,$38.49,APP
"Vinyl Blind 1"" White 35x64""",,,2,15,5,$8.36,$16.72,$13.99,$27.98,$29.94,APP
Vinyl Concrete Patcher Quikrete 10lb,,,2,15,5,$7.40,$14.80,$14.99,$29.98,$32.08,HDW
Vinyl Reducer Moulding Smokey Maple,,,0,5,3,$47.48,$0.00,$57.48,$0.00,$0.00,LUM
"Vinyl Shutters 1 Pair 14.5x52""",,,0,5,2,$53.50,$0.00,$69.99,$0.00,$0.00,APP
"Vinyl Stair Tread 24"" Singles",,,49,32,16,$4.26,$208.74,$4.89,$239.61,$256.27,APP
Vornado Whole Room Heater 120v,,,0,5,2,$79.14,$0.00,$89.99,$0.00,$0.00,APP
Wall Key Safe,,,6,10,3,$24.51,$147.06,$44.25,$265.50,$284.10,HDW
"Wall Patch 4""x4"" Fibatape",,,10,20,10,$2.49,$24.90,$6.99,$69.90,$74.80,HDW
"Wall Patch 6""x6"" Fibatape",,,10,20,10,$2.99,$29.90,$7.99,$79.90,$85.50,HDW
"Wall Patch 8""x8"" Fibatape",,,7,20,10,$3.49,$24.43,$8.99,$62.93,$67.34,HDW
"Wall Protector White 5""",,,4,15,5,$3.59,$14.36,$4.59,$18.36,$19.64,HDW
"Wall Register 8x6"" White",,,0,10,3,$29.49,$0.00,$34.49,$0.00,$0.00,APP
Wall Repair White 16oz Gorilla,,,6,15,5,$6.00,$36.00,$11.99,$71.94,$76.98,HDW
Wall Sconce WHT/CHRM,,,0,10,5,$14.87,$0.00,$29.99,$0.00,$0.00,HDW
Wallplate 2G Toggle White,,,18,15,6,$0.99,$17.82,$2.39,$43.02,$46.08,ELE
Wallplate Decora 1g White,,,19,15,6,$0.28,$5.32,$0.99,$18.81,$20.14,ELE
Wallplate Duplex Recept 1g White,,,26,16,8,$0.35,$9.10,$0.99,$25.74,$27.56,ELE
Wallplate Oversized 2G-R White,,,9,15,5,$1.18,$10.62,$2.99,$26.91,$28.80,ELE
Wallplate Toggle Switch 1g White,,,21,15,7,$0.35,$7.35,$0.99,$20.79,$22.26,ELE
Washing Machine Hoses 2pk 5',,,4,10,3,$13.49,$53.96,$27.98,$111.92,$119.76,GDN
"Washing Machine Line 3/4x3/4x60""",,,2,10,5,$10.53,$21.06,$19.99,$39.98,$42.78,HDW
Washing Machine Outlet Box,,,2,5,3,$48.46,$96.92,$54.85,$109.70,$117.38,ELE
Wasp and Hornet Killer 14oz,,,2,15,5,$4.77,$9.54,$7.99,$15.98,$17.10,HDW
Water Heater Runoff Tube Side Mount,,,5,15,5,$5.83,$29.15,$7.83,$39.15,$41.90,PLU
Water Heater Runoff Tube Top Mount,,,3,15,5,$9.16,$27.48,$12.79,$38.37,$41.07,PLU
Wax Free Toilet Seal Fernco,,,5,15,5,$4.10,$20.50,$6.99,$34.95,$37.40,PLU
Wax Ring Extra Thick Everbilt,,,7,15,5,$1.66,$11.62,$4.99,$34.93,$37.38,PLU
Wax Ring Standard,,,15,15,5,$1.03,$15.45,$3.59,$53.85,$57.60,PLU
WD40 Smart Straw 2.75oz,,,6,15,5,$4.55,$27.30,$6.35,$38.10,$40.74,HDW
Weatherproof Covered Box 1 Gang,,,5,15,5,$8.50,$42.50,$21.24,$106.20,$113.65,ELE
Weatherproof Covered Box 2 Gang,,,2,15,5,$9.59,$19.18,$18.99,$37.98,$40.64,ELE
Weatherseal Self Stick 10ft Roll,,,6,15,5,$5.82,$34.92,$9.99,$59.94,$64.14,HDW
"Weatherstrip Foam 1""",,,0,10,3,$15.69,$0.00,$23.99,$0.00,$0.00,APP
WeedClear Weed Killer Ortho,,,1,10,5,$10.15,$10.15,$17.99,$17.99,$19.25,GDN
White Ext Balusters 5pk,,,0,5,3,$58.25,$0.00,$68.25,$0.00,$0.00,LUM
White Lightning All Purpose White Caulk,,,0,20,10,$2.26,$0.00,$4.99,$0.00,$0.00,PNT
"White Louver Shutters 14.5x60"" Pair",,,0,5,2,$80.50,$0.00,$85.50,$0.00,$0.00,HDW
White Paint Marker,,,8,15,5,$4.85,$38.80,$6.59,$52.72,$56.40,PNT
"Window AC Unit 8,000 BTU",,,2,2,2,$223.20,$446.40,$309.99,$619.98,$663.38,APP
Window and Door Foam Great Stuff 12oz,,,6,15,5,$8.29,$49.74,$12.99,$77.94,$83.40,APP
Window Bolt 2in,,,12,15,5,$3.10,$37.20,$4.47,$53.64,$57.36,HDW
Window Crank Replacement Set,,,0,5,2,$73.49,$0.00,$98.97,$0.00,$0.00,APP
Window Insulating Film Kit 3M,,,0,10,3,$15.06,$0.00,$22.99,$0.00,$0.00,HDW
Windshield Wash De-Icer Peak,,,0,15,5,$6.00,$0.00,$8.99,$0.00,$0.00,GDN
Wire 10/3 NMWG by the foot,,,80,100,50,$1.97,$157.60,$3.99,$319.20,$341.60,ELE
Wire 12 THHN SLD GRN by the foot,,,442,220,110,$0.15,$66.30,$0.99,$437.58,$468.52,ELE
Wire 12/2 NMWG by the foot,,,667,332,166,$1.00,$667.00,$2.59,$1727.53,$1847.59,ELE
Wire 14/2 NMWG by the foot,,,757,378,189,$0.29,$219.53,$1.59,$1203.63,$1286.90,ELE
Wire 4 Bare Copper Solid by the foot,,,188,100,50,$1.17,$219.96,$3.59,$674.92,$721.92,PLU
Wire Nuts 14-10 AWG Green 6pk,,,0,20,10,$0.88,$0.00,$3.59,$0.00,$0.00,ELE
Wire Nuts 14-6 AWG Blue 2pk,,,7,20,10,$0.89,$6.23,$2.79,$19.53,$20.93,ELE
Wire Nuts 22-14AWG 12pk,,,5,20,10,$0.82,$4.10,$2.59,$12.95,$13.85,ELE
Wire Nuts WingGard 22-6AWG Red 6pk,,,5,20,10,$0.88,$4.40,$2.79,$13.95,$14.95,ELE
Wire Nuts Yellow 15pk,,,22,20,10,$4.25,$93.50,$5.25,$115.50,$123.64,ELE
Wood and Paint Scraper,,,4,15,5,$1.55,$6.20,$6.59,$26.36,$28.20,PNT
Wood Filler DAP 3oz,,,3,15,5,$3.99,$11.97,$8.99,$26.97,$28.86,PNT
"Wooster Sherlock 2-4"" Adjustable Pole",,,0,10,3,$22.06,$0.00,$28.06,$0.00,$0.00,HDW
Work Gloves XL Husky,,,0,10,5,$12.24,$0.00,$21.99,$0.00,$0.00,TOL
XL Lighter,,,5,15,5,$4.05,$20.25,$7.99,$39.95,$42.75,APP
Zero Scratch Sponge Scotch Brite 3pk,,,13,15,3,$3.58,$46.54,$5.95,$77.35,$82.81,APP
